application_id,net_monthly_income,monthly_debt_payment,monthly_expenses,property_value,requested_amount,requested_term_months,active_loan_count,has_late_payments,employment_tenure_months,average_monthly_balance,estimated_monthly_payment,debt_to_income_ratio,loan_to_value_ratio,payment_to_income_ratio,expense_to_income_ratio,total_obligations_to_income_ratio,employment_stability_score,banking_capacity_score,credit_history_score,default_flag,recommended_amount
APP-000000,9475.09,4265.36,5560.73,586175.62,441341.34,240,3,0,35,17440.3,1838.92,0.4502,0.7529,0.1941,0.5869,1.2311,80,75,76,1,0.0
APP-000001,5172.05,1121.72,2830.55,300052.4,250957.34,240,3,0,48,3344.69,1045.66,0.2169,0.8364,0.2022,0.5473,0.9663,80,55,76,1,126000.0
APP-000002,10901.44,2882.91,6360.78,848265.07,640891.21,180,3,0,26,24302.43,3560.51,0.2645,0.7555,0.3266,0.5835,1.1745,80,75,76,1,128000.0
APP-000003,11509.81,1895.59,1381.18,857864.82,840707.52,300,2,0,56,4424.11,2802.36,0.1647,0.98,0.2435,0.12,0.5282,80,55,84,0,537000.0
APP-000004,2500.0,0.0,1743.41,120000.0,108704.68,240,1,0,39,4384.14,452.94,0.0,0.9059,0.1812,0.6974,0.8785,80,75,92,1,88000.0
APP-000005,4333.03,868.57,2261.08,390874.48,265803.0,240,0,0,42,11787.12,1107.51,0.2005,0.68,0.2556,0.5218,0.9779,80,75,100,1,156000.0
APP-000006,8909.09,2377.52,7250.54,608530.87,412983.39,240,1,0,51,10539.97,1720.76,0.2669,0.6787,0.1931,0.8138,1.2738,80,75,92,0,164000.0
APP-000007,7488.02,2356.27,2207.68,374425.45,292448.96,180,0,1,36,7084.91,1624.72,0.3147,0.7811,0.217,0.2948,0.8265,80,55,65,0,31000.0
APP-000008,8446.24,1624.0,1164.3,771970.07,471718.11,180,2,1,55,8909.9,2620.66,0.1923,0.6111,0.3103,0.1378,0.6404,80,75,49,1,117000.0
APP-000009,5770.26,0.0,2430.17,468903.75,408704.7,240,1,0,31,15091.92,1702.94,0.0,0.8716,0.2951,0.4212,0.7163,80,75,92,1,345000.0
APP-000010,11314.07,47.15,4253.42,534456.97,409932.81,120,1,0,54,17112.59,3416.11,0.0042,0.767,0.3019,0.3759,0.682,80,75,92,0,377000.0
APP-000011,10988.93,5574.5,5764.64,1120753.61,844308.14,240,1,0,13,33843.53,3517.95,0.5073,0.7533,0.3201,0.5246,1.352,60,100,92,1,0.0
APP-000012,8711.3,584.05,5156.99,713092.52,577108.61,120,1,1,18,12207.37,4809.24,0.067,0.8093,0.5521,0.592,1.2111,60,75,57,1,169000.0
APP-000013,12107.17,5082.43,4915.91,845280.0,797917.17,120,1,0,26,6799.18,6649.31,0.4198,0.944,0.5492,0.406,1.375,80,55,92,1,0.0
APP-000014,9996.03,891.92,3813.35,985847.84,731720.12,300,0,0,21,6245.96,2439.07,0.0892,0.7422,0.244,0.3815,0.7147,60,55,100,0,732000.0
APP-000015,5750.26,1118.17,2896.04,419006.57,295527.32,240,0,0,22,6931.64,1231.36,0.1945,0.7053,0.2141,0.5036,0.9122,60,75,100,0,215000.0
APP-000016,9680.0,2976.88,3668.6,672706.98,616289.43,240,1,0,64,193.6,2567.87,0.3075,0.9161,0.2653,0.379,0.9518,100,30,92,1,91000.0
APP-000017,5431.58,571.25,1985.8,315653.84,266974.19,180,0,0,40,3924.36,1483.19,0.1052,0.8458,0.2731,0.3656,0.7438,80,55,100,1,239000.0
APP-000018,11311.04,5009.77,6627.61,910236.88,617388.76,240,0,0,36,8398.24,2572.45,0.4429,0.6783,0.2274,0.5859,1.2563,80,55,100,1,0.0
APP-000019,8340.24,1923.28,5183.99,655366.27,472305.59,300,3,0,56,11391.19,1574.35,0.2306,0.7207,0.1888,0.6216,1.0409,80,75,76,1,227000.0
APP-000020,7908.44,2250.1,4693.14,555680.58,414204.03,240,2,0,58,22915.78,1725.85,0.2845,0.7454,0.2182,0.5934,1.0962,80,75,84,1,104000.0
APP-000021,6321.03,1153.81,2484.69,352588.35,270447.85,240,2,0,33,7581.03,1126.87,0.1825,0.767,0.1783,0.3931,0.7539,80,75,84,0,213000.0
APP-000022,12412.13,3875.33,1489.46,897877.98,488124.2,240,1,0,85,248.24,2033.85,0.3122,0.5436,0.1639,0.12,0.5961,100,30,92,1,104000.0
APP-000023,8005.51,3530.68,3172.48,550327.45,285882.46,180,3,1,41,2621.67,1588.24,0.441,0.5195,0.1984,0.3963,1.0357,80,55,41,1,0.0
APP-000024,7129.35,1437.42,2129.7,327932.05,198280.61,240,2,0,67,9881.7,826.17,0.2016,0.6046,0.1159,0.2987,0.6162,100,75,84,0,167000.0
APP-000025,7373.17,3407.58,2943.69,320787.41,190735.06,300,4,0,31,9096.25,635.78,0.4622,0.5946,0.0862,0.3992,0.9476,80,75,68,1,0.0
APP-000026,10203.39,1371.1,3189.84,818033.9,520517.32,240,0,0,54,26651.35,2168.82,0.1344,0.6363,0.2126,0.3126,0.6596,80,75,100,0,521000.0
APP-000027,9669.42,3161.64,4029.07,224001.91,179764.3,180,0,0,71,19474.89,998.69,0.327,0.8025,0.1033,0.4167,0.8469,100,75,100,1,40000.0
APP-000028,9820.74,2833.05,2491.68,723763.22,505215.11,240,0,0,66,19514.84,2105.06,0.2885,0.698,0.2143,0.2537,0.7565,100,75,100,0,145000.0
APP-000029,9878.63,695.44,2124.75,606493.43,452159.83,240,2,0,63,9429.94,1884.0,0.0704,0.7455,0.1907,0.2151,0.4762,100,55,84,0,380000.0
APP-000030,15353.27,3837.29,9451.94,1436274.66,805521.08,300,1,0,30,32843.86,2685.07,0.2499,0.5608,0.1749,0.6156,1.0404,80,75,92,1,424000.0
APP-000031,7199.47,1591.31,1906.81,440014.25,290403.47,240,1,0,20,2474.24,1210.01,0.221,0.66,0.1681,0.2649,0.654,60,55,92,0,205000.0
APP-000032,6860.82,689.88,2881.91,561700.51,447306.55,180,1,0,18,13868.91,2485.04,0.1006,0.7963,0.3622,0.4201,0.8828,60,75,92,0,283000.0
APP-000033,5895.93,1592.61,3376.73,370591.76,295489.05,180,2,0,35,5281.71,1641.61,0.2701,0.7973,0.2784,0.5727,1.1213,80,55,84,0,71000.0
APP-000034,10471.13,2518.1,5929.68,754418.69,472119.29,240,2,0,33,209.42,1967.16,0.2405,0.6258,0.1879,0.5663,0.9946,80,30,84,1,231000.0
APP-000035,12112.71,2541.71,6627.78,1008541.38,747345.41,120,2,0,59,20396.75,6227.88,0.2098,0.741,0.5142,0.5472,1.2712,80,75,84,1,171000.0
APP-000036,8135.37,1711.67,3811.08,501740.67,491705.86,240,2,1,47,19588.25,2048.77,0.2104,0.98,0.2518,0.4685,0.9307,80,75,49,1,134000.0
APP-000037,5811.5,1205.3,3114.04,511051.55,366787.97,240,0,0,19,4556.55,1528.28,0.2074,0.7177,0.263,0.5358,1.0062,60,55,100,1,199000.0
APP-000038,5861.66,987.82,3749.67,305471.26,192411.98,240,1,0,78,14985.25,801.72,0.1685,0.6299,0.1368,0.6397,0.945,100,75,92,1,177000.0
APP-000039,10581.9,2535.18,5164.0,796845.1,555728.45,180,0,0,53,211.64,3087.38,0.2396,0.6974,0.2918,0.488,1.0193,80,30,100,0,210000.0
APP-000040,10878.41,1412.58,1371.2,942152.35,689639.52,240,1,0,28,792.88,2873.5,0.1299,0.732,0.2641,0.126,0.52,80,30,92,1,529000.0
APP-000041,10238.09,6060.47,3434.21,838302.02,587103.23,240,0,0,31,10421.83,2446.26,0.592,0.7003,0.2389,0.3354,1.1663,80,75,100,0,0.0
APP-000042,6370.37,144.56,3385.34,665678.12,476574.87,180,1,0,99,5200.21,2647.64,0.0227,0.7159,0.4156,0.5314,0.9697,100,55,92,1,345000.0
APP-000043,9242.92,1276.79,2954.63,519988.83,276817.05,240,2,0,21,5079.72,1153.4,0.1381,0.5324,0.1248,0.3197,0.5826,60,55,84,0,233000.0
APP-000044,8873.39,1323.88,6026.96,400858.38,238453.83,240,0,0,102,11271.96,993.56,0.1492,0.5949,0.112,0.6792,0.9404,100,75,100,0,238000.0
APP-000045,9199.8,4652.06,3770.92,479327.87,335810.6,240,1,0,39,6203.14,1399.21,0.5057,0.7006,0.1521,0.4099,1.0677,80,55,92,0,0.0
APP-000046,11288.57,397.14,4895.17,924398.21,645706.17,120,2,0,41,9334.78,5380.88,0.0352,0.6985,0.4767,0.4336,0.9455,80,55,84,0,358000.0
APP-000047,9215.51,2576.92,5528.93,727680.41,470369.27,180,2,0,56,12907.08,2613.16,0.2796,0.6464,0.2836,0.6,1.1631,80,75,84,1,98000.0
APP-000048,10672.52,2719.09,4170.22,766720.7,534395.3,240,2,0,15,5861.53,2226.65,0.2548,0.697,0.2086,0.3907,0.8542,60,55,84,1,205000.0
APP-000049,8716.25,2324.66,3906.66,433954.11,315889.05,120,0,0,52,9192.02,2632.41,0.2667,0.7279,0.302,0.4482,1.0169,80,75,100,0,87000.0
APP-000050,9425.18,3704.93,5314.48,789864.29,660029.36,240,0,0,70,5363.07,2750.12,0.3931,0.8356,0.2918,0.5639,1.2487,100,55,100,1,0.0
APP-000051,10520.12,4105.12,1940.3,504495.77,356730.21,240,1,0,34,683.19,1486.38,0.3902,0.7071,0.1413,0.1844,0.7159,80,30,92,0,0.0
APP-000052,3837.1,601.91,1436.43,348643.22,269111.92,120,2,0,45,7050.03,2242.6,0.1569,0.7719,0.5845,0.3744,1.1157,80,75,84,1,75000.0
APP-000053,7477.05,1848.05,4132.3,907967.54,589808.41,240,1,0,136,20090.95,2457.54,0.2472,0.6496,0.3287,0.5527,1.1285,100,75,92,0,170000.0
APP-000054,6994.81,0.0,3011.24,535775.12,425604.99,300,2,0,74,14745.86,1418.68,0.0,0.7944,0.2028,0.4305,0.6333,100,75,84,0,358000.0
APP-000055,6455.59,1509.79,4226.95,519648.9,399529.43,240,2,0,25,9351.21,1664.71,0.2339,0.7688,0.2579,0.6548,1.1465,80,75,84,1,151000.0
APP-000056,7619.54,829.32,1278.96,465771.53,387780.98,240,1,0,33,4363.14,1615.75,0.1088,0.8326,0.2121,0.1679,0.4887,80,55,92,0,343000.0
APP-000057,13283.81,2575.82,1987.25,497029.25,403960.45,240,4,0,38,11846.15,1683.17,0.1939,0.8127,0.1267,0.1496,0.4702,80,55,68,0,270000.0
APP-000058,5729.34,0.0,3111.89,338896.51,269943.15,180,1,0,77,12039.17,1499.68,0.0,0.7965,0.2618,0.5431,0.8049,100,75,92,0,248000.0
APP-000059,11598.49,3209.1,6478.1,583727.52,412815.45,120,1,0,25,231.97,3440.13,0.2767,0.7072,0.2966,0.5585,1.1318,80,30,92,1,94000.0
APP-000060,3114.82,0.0,1211.91,136908.4,102933.5,240,0,0,66,2563.7,428.89,0.0,0.7518,0.1377,0.3891,0.5268,100,55,100,0,103000.0
APP-000061,7428.37,1788.45,3595.8,750283.57,643935.5,180,0,0,66,13450.58,3577.42,0.2408,0.8583,0.4816,0.4841,1.2064,100,75,100,1,146000.0
APP-000062,9020.81,435.61,4864.32,675762.62,429264.9,180,0,0,47,1132.54,2384.8,0.0483,0.6352,0.2644,0.5392,0.8519,80,30,100,1,429000.0
APP-000063,10375.91,1048.49,3006.75,797226.69,508875.37,120,0,0,79,15886.03,4240.63,0.1011,0.6383,0.4087,0.2898,0.7995,100,75,100,1,310000.0
APP-000064,10775.93,4112.77,3307.18,694374.72,516327.38,240,0,0,26,16048.48,2151.36,0.3817,0.7436,0.1996,0.3069,0.8882,80,75,100,0,0.0
APP-000065,11038.71,3337.1,4971.35,738360.85,571481.23,120,2,1,88,220.77,4762.34,0.3023,0.774,0.4314,0.4504,1.1841,100,30,49,0,31000.0
APP-000066,7384.08,2812.51,4169.45,645087.33,395352.19,240,2,0,13,9069.72,1647.3,0.3809,0.6129,0.2231,0.5647,1.1686,60,75,84,1,0.0
APP-000067,7020.47,3077.51,1638.91,487346.8,346153.11,180,1,0,25,4172.26,1923.07,0.4384,0.7103,0.2739,0.2334,0.9457,80,55,92,0,0.0
APP-000068,11245.52,1257.28,4366.96,894609.35,633186.75,240,1,0,13,17143.67,2638.28,0.1118,0.7078,0.2346,0.3883,0.7347,60,75,92,0,583000.0
APP-000069,7887.83,3390.63,3004.65,524318.97,226512.92,180,3,0,27,13825.86,1258.41,0.4299,0.432,0.1595,0.3809,0.9703,80,75,76,0,0.0
APP-000070,4417.8,65.51,2150.91,282038.11,195016.03,180,2,0,67,6666.66,1083.42,0.0148,0.6915,0.2452,0.4869,0.7469,100,75,84,0,164000.0
APP-000071,4873.48,1581.22,2040.08,217725.42,152309.53,240,0,0,57,5922.9,634.62,0.3245,0.6995,0.1302,0.4186,0.8733,80,75,100,0,30000.0
APP-000072,5557.75,838.85,1848.83,191189.57,133672.46,240,1,1,52,7836.34,556.97,0.1509,0.6992,0.1002,0.3327,0.5838,80,75,57,1,76000.0
APP-000073,10090.91,905.74,6254.05,658854.83,595650.13,180,1,0,27,923.74,3309.17,0.0898,0.9041,0.3279,0.6198,1.0375,80,30,92,1,435000.0
APP-000074,8955.76,2740.69,2988.71,636010.84,357403.89,240,3,1,44,10051.26,1489.18,0.306,0.5619,0.1663,0.3337,0.806,80,75,41,0,39000.0
APP-000075,10709.55,3772.9,3997.5,501738.92,307465.14,240,2,1,88,4639.0,1281.1,0.3523,0.6128,0.1196,0.3733,0.8452,100,55,49,1,0.0
APP-000076,7132.79,2483.19,1179.48,494869.17,188255.43,180,1,0,28,14824.69,1045.86,0.3481,0.3804,0.1466,0.1654,0.6601,80,75,92,1,2000.0
APP-000077,9007.33,2252.56,2754.62,639227.9,420280.09,240,2,0,29,15897.16,1751.17,0.2501,0.6575,0.1944,0.3058,0.7503,80,75,84,0,181000.0
APP-000078,10501.89,2504.43,5277.96,327573.42,219004.56,120,6,0,30,18508.12,1825.04,0.2385,0.6686,0.1738,0.5026,0.9148,80,75,52,0,73000.0
APP-000079,7510.09,2206.17,3539.48,401998.32,262787.5,240,1,1,51,20218.23,1094.95,0.2938,0.6537,0.1458,0.4713,0.9109,80,75,57,0,58000.0
APP-000080,9961.68,2615.21,5139.46,770344.25,665575.93,120,0,0,64,8497.52,5546.47,0.2625,0.864,0.5568,0.5159,1.3352,100,55,100,1,105000.0
APP-000081,6381.84,1887.68,3242.98,491191.21,408612.28,240,0,0,72,4185.8,1702.55,0.2958,0.8319,0.2668,0.5082,1.0707,100,55,100,0,83000.0
APP-000082,7338.23,1823.99,5533.27,361289.21,263784.98,180,1,0,38,6103.63,1465.47,0.2486,0.7301,0.1997,0.754,1.2023,80,55,92,1,123000.0
APP-000083,7278.44,2460.04,2186.03,530249.29,356232.24,240,0,0,36,145.57,1484.3,0.338,0.6718,0.2039,0.3003,0.8423,80,30,100,1,21000.0
APP-000084,4673.31,0.0,751.9,413136.44,352572.56,240,0,1,32,93.47,1469.05,0.0,0.8534,0.3143,0.1609,0.4752,80,30,65,1,215000.0
APP-000085,10058.31,2027.97,2533.8,844770.6,606065.02,300,3,0,61,17189.58,2020.22,0.2016,0.7174,0.2009,0.2519,0.6544,100,75,76,1,340000.0
APP-000086,6997.91,183.78,2151.27,477851.45,293221.54,240,0,0,16,139.96,1221.76,0.0263,0.6136,0.1746,0.3074,0.5083,60,30,100,1,293000.0
APP-000087,8539.98,2209.62,2255.47,525861.52,261294.11,240,1,0,41,1559.22,1088.73,0.2587,0.4969,0.1275,0.2641,0.6503,80,30,92,0,172000.0
APP-000088,10038.39,4515.97,4366.56,588970.36,390268.91,180,3,0,42,10625.15,2168.16,0.4499,0.6626,0.216,0.435,1.1008,80,75,76,0,0.0
APP-000089,9928.9,1525.36,6160.14,778631.83,637001.56,180,0,0,67,7734.56,3538.9,0.1536,0.8181,0.3564,0.6204,1.1305,100,55,100,0,351000.0
APP-000090,10629.23,2527.79,7082.74,781374.76,765747.27,120,1,0,19,20696.04,6381.23,0.2378,0.98,0.6003,0.6663,1.5045,60,75,92,1,132000.0
APP-000091,8184.85,2667.51,4098.07,665667.6,484612.24,240,2,0,70,9857.95,2019.22,0.3259,0.728,0.2467,0.5007,1.0733,100,75,84,0,40000.0
APP-000092,7145.45,0.0,5449.14,517142.53,320888.89,240,0,0,59,3082.39,1337.04,0.0,0.6205,0.1871,0.7626,0.9497,80,55,100,1,321000.0
APP-000093,8244.9,1211.21,2992.74,698654.43,395406.63,240,1,0,119,16691.55,1647.53,0.1469,0.566,0.1998,0.363,0.7097,100,75,92,0,364000.0
APP-000094,3100.53,840.34,492.35,222316.25,176019.81,240,3,0,106,5599.28,733.42,0.271,0.7918,0.2365,0.1588,0.6664,100,75,76,1,45000.0
APP-000095,3869.24,0.0,2277.08,325497.49,159689.04,240,0,0,85,77.38,665.37,0.0,0.4906,0.172,0.5885,0.7605,100,30,100,0,160000.0
APP-000096,4267.36,355.24,536.94,365605.36,289393.05,180,3,1,10,5876.33,1607.74,0.0832,0.7915,0.3768,0.1258,0.5858,35,75,41,1,84000.0
APP-000097,5308.81,1986.13,1588.39,294737.29,243542.16,120,1,1,20,2688.55,2029.52,0.3741,0.8263,0.3823,0.2992,1.0556,60,55,57,1,0.0
APP-000098,9779.28,3524.64,4921.11,366267.26,284485.76,240,2,0,79,4720.52,1185.36,0.3604,0.7767,0.1212,0.5032,0.9848,100,55,84,1,0.0
APP-000099,5602.47,1526.14,2261.26,547825.31,378790.52,180,1,0,41,15869.34,2104.39,0.2724,0.6914,0.3756,0.4036,1.0516,80,75,92,0,72000.0
APP-000100,7289.88,2504.13,2839.03,543969.79,431608.63,120,0,0,106,9198.69,3596.74,0.3435,0.7934,0.4934,0.3894,1.2263,100,75,100,1,6000.0
APP-000101,12657.53,3165.83,2924.82,495406.3,367701.45,300,0,1,47,12078.01,1225.67,0.2501,0.7422,0.0968,0.2311,0.578,80,55,65,0,239000.0
APP-000102,7359.96,2191.47,3078.46,420630.64,260304.7,300,2,1,66,9026.66,867.68,0.2978,0.6188,0.1179,0.4183,0.8339,100,75,49,1,57000.0
APP-000103,10860.05,1909.29,6305.19,911090.17,875150.94,240,0,0,63,21033.92,3646.46,0.1758,0.9606,0.3358,0.5806,1.0922,100,75,100,0,454000.0
APP-000104,5512.42,1302.11,2332.83,358119.09,241473.14,180,0,0,47,2858.5,1341.52,0.2362,0.6743,0.2434,0.4232,0.9028,80,55,100,0,113000.0
APP-000105,7842.6,1031.05,2252.11,476695.92,391294.79,240,0,0,80,5272.07,1630.39,0.1315,0.8208,0.2079,0.2872,0.6265,100,55,100,0,381000.0
APP-000106,5459.93,2166.98,1203.33,519871.95,210849.74,180,1,0,69,9505.76,1171.39,0.3969,0.4056,0.2145,0.2204,0.8318,100,75,92,1,0.0
APP-000107,7415.09,3210.87,2153.82,379273.4,336013.94,240,0,1,22,148.3,1400.06,0.433,0.8859,0.1888,0.2905,0.9123,60,30,65,1,0.0
APP-000108,11188.99,4623.15,5401.74,622479.54,567041.07,180,0,1,141,22844.49,3150.23,0.4132,0.9109,0.2815,0.4828,1.1775,100,75,65,0,0.0
APP-000109,2972.57,484.13,1411.9,219390.74,158812.22,300,2,1,20,59.45,529.37,0.1629,0.7239,0.1781,0.475,0.8159,60,30,49,0,78000.0
APP-000110,9890.16,855.22,2887.12,761820.78,603849.8,300,2,0,29,9186.07,2012.83,0.0865,0.7926,0.2035,0.2919,0.5819,80,55,84,0,507000.0
APP-000111,9260.75,3692.97,1111.29,730989.97,579387.75,240,2,0,65,185.22,2414.12,0.3988,0.7926,0.2607,0.12,0.7795,100,30,84,1,0.0
APP-000112,6598.72,1954.19,3214.91,570144.5,362861.7,120,3,1,58,1315.61,3023.85,0.2961,0.6364,0.4582,0.4872,1.2416,80,30,41,1,17000.0
APP-000113,3872.61,1030.12,1070.26,284925.37,225411.84,240,2,0,72,8976.33,939.22,0.266,0.7911,0.2425,0.2764,0.7849,100,75,84,0,66000.0
APP-000114,8730.81,1146.28,4629.51,688065.98,423076.66,180,0,0,40,18247.51,2350.43,0.1313,0.6149,0.2692,0.5302,0.9308,80,75,100,0,344000.0
APP-000115,6805.62,1902.8,2035.03,444640.18,284952.82,300,0,0,61,14878.39,949.84,0.2796,0.6409,0.1396,0.299,0.7182,100,75,100,0,144000.0
APP-000116,9244.56,629.19,2421.48,657552.6,569771.05,120,2,0,30,184.89,4748.09,0.0681,0.8665,0.5136,0.2619,0.8436,80,30,84,1,263000.0
APP-000117,8569.93,2646.13,3809.4,616482.96,521979.51,120,2,0,47,1748.69,4349.83,0.3088,0.8467,0.5076,0.4445,1.2608,80,30,84,1,36000.0
APP-000118,13625.69,5628.01,10862.84,1006553.97,632288.2,240,0,0,99,19837.45,2634.53,0.413,0.6282,0.1934,0.7972,1.4036,100,75,100,1,0.0
APP-000119,7734.06,3467.54,4175.19,648932.01,405345.7,240,0,0,20,13873.25,1688.94,0.4483,0.6246,0.2184,0.5398,1.2066,60,75,100,0,0.0
APP-000120,5224.81,1667.72,2308.29,417946.09,265843.99,240,1,0,82,2248.95,1107.68,0.3192,0.6361,0.212,0.4418,0.973,100,55,92,0,36000.0
APP-000121,9073.68,240.61,4331.92,642379.54,523695.52,120,0,0,42,5707.08,4364.13,0.0265,0.8152,0.481,0.4774,0.9849,80,55,100,1,352000.0
APP-000122,9203.99,2279.15,1286.92,510229.89,301036.65,240,2,0,26,1212.97,1254.32,0.2476,0.59,0.1363,0.1398,0.5237,80,30,84,0,190000.0
APP-000123,12849.4,6675.98,3089.32,915109.65,701315.0,120,3,0,27,33953.52,5844.29,0.5196,0.7664,0.4548,0.2404,1.2148,80,75,76,1,0.0
APP-000124,11172.36,1099.3,1340.68,776430.48,634413.64,120,0,0,41,8072.47,5286.78,0.0984,0.8171,0.4732,0.12,0.6916,80,55,100,1,337000.0
APP-000125,9641.99,2041.35,6718.34,708466.9,501968.7,240,0,0,84,11359.83,2091.54,0.2117,0.7085,0.2169,0.6968,1.1254,100,75,100,1,320000.0
APP-000126,13182.57,5508.91,8758.26,1446357.96,1231296.5,180,0,0,60,16152.34,6840.54,0.4179,0.8513,0.5189,0.6644,1.6012,100,75,100,1,0.0
APP-000127,4695.96,1438.84,2267.45,284444.0,193546.99,240,2,0,19,10073.1,806.45,0.3064,0.6804,0.1717,0.4829,0.961,60,75,84,0,41000.0
APP-000128,6452.8,3660.17,2849.67,500744.66,346614.84,120,1,0,80,1889.25,2888.46,0.5672,0.6922,0.4476,0.4416,1.4565,100,30,92,1,0.0
APP-000129,5534.96,649.79,950.6,493897.04,292860.19,120,0,0,72,12184.85,2440.5,0.1174,0.593,0.4409,0.1717,0.7301,100,75,100,0,154000.0
APP-000130,7252.61,590.61,2791.62,520476.46,443567.24,240,0,0,13,145.05,1848.2,0.0814,0.8522,0.2548,0.3849,0.7212,60,30,100,0,416000.0
APP-000131,4094.6,1602.54,2894.0,458928.22,284697.19,180,1,0,25,9004.64,1581.65,0.3914,0.6204,0.3863,0.7068,1.4844,80,75,92,1,0.0
APP-000132,10532.48,553.77,4645.1,665603.35,509499.62,240,1,0,89,210.65,2122.92,0.0526,0.7655,0.2016,0.441,0.6952,100,30,92,1,469000.0
APP-000133,7788.89,1498.99,2567.66,590659.42,419798.72,240,1,0,47,8224.29,1749.16,0.1925,0.7107,0.2246,0.3297,0.7467,80,75,92,0,271000.0
APP-000134,3793.42,799.69,526.18,210995.69,123039.65,120,1,0,80,9911.8,1025.33,0.2108,0.5831,0.2703,0.1387,0.6198,100,75,92,0,58000.0
APP-000135,5250.15,1916.51,3364.55,334290.27,214218.75,240,1,0,8,9332.3,892.58,0.365,0.6408,0.17,0.6408,1.1759,35,75,92,1,0.0
APP-000136,9503.24,2907.97,3884.8,707809.34,636868.01,180,0,0,5,14531.58,3538.16,0.306,0.8998,0.3723,0.4088,1.0871,35,75,100,1,75000.0
APP-000137,11182.01,3175.57,1553.43,953081.12,711203.89,180,1,0,68,2308.26,3951.13,0.284,0.7462,0.3533,0.1389,0.7763,100,30,92,0,122000.0
APP-000138,14889.54,2436.82,4051.7,1127788.87,664053.88,120,1,0,32,7276.2,5533.78,0.1637,0.5888,0.3717,0.2721,0.8074,80,55,92,1,306000.0
APP-000139,17824.36,6953.29,3842.82,1651677.68,1254767.44,240,1,0,70,42064.71,5228.2,0.3901,0.7597,0.2933,0.2156,0.899,100,75,92,0,0.0
APP-000140,9826.11,7369.58,3919.84,671031.2,470396.34,240,3,0,80,15477.16,1959.98,0.75,0.701,0.1995,0.3989,1.3484,100,75,76,1,0.0
APP-000141,5333.48,1689.54,2416.99,341454.42,334625.33,240,1,0,32,10406.81,1394.27,0.3168,0.98,0.2614,0.4532,1.0314,80,75,92,1,39000.0
APP-000142,2500.0,584.89,848.71,296679.33,224605.86,300,1,1,44,3041.04,748.69,0.234,0.7571,0.2995,0.3395,0.8729,80,75,57,1,50000.0
APP-000143,9356.68,358.35,5093.1,721364.94,483688.73,180,2,0,38,8387.71,2687.16,0.0383,0.6705,0.2872,0.5443,0.8698,80,55,84,0,406000.0
APP-000144,5898.59,771.26,2551.78,336510.53,304408.65,300,0,0,32,10853.38,1014.7,0.1308,0.9046,0.172,0.4326,0.7354,80,75,100,0,269000.0
APP-000145,7170.86,1363.04,4230.59,412347.59,198201.18,240,1,0,53,9920.29,825.84,0.1901,0.4807,0.1152,0.59,0.8952,80,75,92,0,182000.0
APP-000146,6541.29,949.51,2373.5,346896.14,254018.73,300,1,0,76,6521.9,846.73,0.1452,0.7323,0.1294,0.3628,0.6374,100,55,92,0,234000.0
APP-000147,8049.47,1752.76,6842.05,699162.79,684673.14,300,2,1,29,160.99,2282.24,0.2177,0.9793,0.2835,0.85,1.3513,80,30,49,1,156000.0
APP-000148,11911.14,5585.4,3926.89,755656.91,532658.09,300,0,1,29,23923.73,1775.53,0.4689,0.7049,0.1491,0.3297,0.9477,80,75,65,1,0.0
APP-000149,9002.56,3552.44,2479.91,650817.46,321940.43,120,1,0,32,13918.16,2682.84,0.3946,0.4947,0.298,0.2755,0.9681,80,75,92,0,0.0
APP-000150,7992.37,1580.6,2044.38,550329.27,367911.99,240,0,0,65,4830.3,1532.97,0.1978,0.6685,0.1918,0.2558,0.6454,100,55,100,1,292000.0
APP-000151,5185.91,263.66,2003.05,431295.7,392085.46,240,0,0,80,11467.74,1633.69,0.0508,0.9091,0.315,0.3862,0.7521,100,75,100,0,345000.0
APP-000152,3141.01,1279.12,455.05,171997.58,132247.06,240,1,0,38,4301.4,551.03,0.4072,0.7689,0.1754,0.1449,0.7275,80,75,92,1,0.0
APP-000153,6943.81,1479.95,3243.66,351632.68,214829.53,180,2,1,11,9631.48,1193.5,0.2131,0.6109,0.1719,0.4671,0.8521,35,75,49,1,84000.0
APP-000154,8327.9,0.0,999.35,616575.35,389008.76,300,1,0,23,16201.97,1296.7,0.0,0.6309,0.1557,0.12,0.2757,60,75,92,0,358000.0
APP-000155,14157.38,4526.68,6312.31,1144160.42,740545.2,180,3,1,36,24801.4,4114.14,0.3197,0.6472,0.2906,0.4459,1.0562,80,75,41,1,32000.0
APP-000156,8916.88,3242.14,1817.26,677554.2,519654.07,240,1,0,26,12611.2,2165.23,0.3636,0.767,0.2428,0.2038,0.8102,80,75,92,1,0.0
APP-000157,11644.77,0.0,4180.39,645467.46,577025.64,240,1,0,19,11415.06,2404.27,0.0,0.894,0.2065,0.359,0.5655,60,55,92,1,475000.0
APP-000158,6902.25,721.72,3566.58,567328.89,486095.9,180,2,1,48,20260.17,2700.53,0.1046,0.8568,0.3913,0.5167,1.0125,80,75,49,1,149000.0
APP-000159,4708.18,962.99,3713.09,266532.44,207703.82,240,1,0,161,2305.03,865.43,0.2045,0.7793,0.1838,0.7886,1.177,100,55,92,0,151000.0
APP-000160,5411.63,1747.04,1339.49,328011.14,179384.76,120,0,0,24,9856.6,1494.87,0.3228,0.5469,0.2762,0.2475,0.8466,60,75,100,1,18000.0
APP-000161,6179.28,913.27,2446.68,327556.26,179294.07,240,2,0,54,6639.8,747.06,0.1478,0.5474,0.1209,0.3959,0.6646,80,75,84,0,151000.0
APP-000162,15311.1,1584.7,4657.62,1430376.27,1129028.55,240,1,0,63,23873.72,4704.29,0.1035,0.7893,0.3072,0.3042,0.7149,100,75,92,0,833000.0
APP-000163,5871.56,1889.49,1648.86,477954.52,260527.64,180,1,0,66,13270.21,1447.38,0.3218,0.5451,0.2465,0.2808,0.8491,100,75,92,0,27000.0
APP-000164,11183.17,1727.07,3417.62,904604.92,624789.17,240,4,0,45,9724.65,2603.29,0.1544,0.6907,0.2328,0.3056,0.6928,80,55,68,1,357000.0
APP-000165,5610.63,1660.12,3096.23,518701.93,393974.64,180,3,0,20,9491.24,2188.75,0.2959,0.7595,0.3901,0.5519,1.2378,60,75,76,1,42000.0
APP-000166,11481.03,739.24,3925.49,1384930.53,792336.45,240,1,0,75,15947.17,3301.4,0.0644,0.5721,0.2876,0.3419,0.6939,100,75,92,0,724000.0
APP-000167,9731.84,298.51,7589.77,381818.45,224068.59,300,3,0,14,5574.68,746.9,0.0307,0.5868,0.0767,0.7799,0.8873,60,55,76,0,170000.0
APP-000168,7998.76,2605.5,3891.85,453603.38,321044.26,180,0,0,42,18255.48,1783.58,0.3257,0.7078,0.223,0.4866,1.0353,80,75,100,0,35000.0
APP-000169,8369.56,2137.19,2162.68,493041.14,387271.26,240,3,0,39,14982.09,1613.63,0.2554,0.7855,0.1928,0.2584,0.7065,80,75,76,0,144000.0
APP-000170,6404.68,2236.15,2314.18,350241.47,300506.29,240,2,0,21,4860.54,1252.11,0.3491,0.858,0.1955,0.3613,0.906,60,55,84,1,1000.0
APP-000171,9927.43,1443.82,2895.88,502362.77,401346.13,240,0,0,32,21276.81,1672.28,0.1454,0.7989,0.1684,0.2917,0.6056,80,75,100,0,401000.0
APP-000172,7044.05,765.58,3860.22,455089.8,332022.31,240,1,0,65,2829.75,1383.43,0.1087,0.7296,0.1964,0.548,0.8531,100,55,92,1,305000.0
APP-000173,4578.06,1879.3,722.4,220209.95,137189.63,240,2,0,42,5145.55,571.62,0.4105,0.623,0.1249,0.1578,0.6932,80,75,84,1,0.0
APP-000174,4410.6,29.93,906.15,335341.26,194760.2,240,0,0,16,3368.37,811.5,0.0068,0.5808,0.184,0.2054,0.3962,60,55,100,0,195000.0
APP-000175,9052.28,3577.5,2945.18,642083.47,419656.76,180,4,0,70,16531.1,2331.43,0.3952,0.6536,0.2576,0.3254,0.9781,100,75,68,0,0.0
APP-000176,13553.09,5487.25,7173.27,1066066.11,824379.99,180,2,1,117,9734.98,4579.89,0.4049,0.7733,0.3379,0.5293,1.2721,100,55,49,1,0.0
APP-000177,9011.97,3067.79,5563.0,713199.55,544714.06,300,0,0,18,16515.66,1815.71,0.3404,0.7638,0.2015,0.6173,1.1592,60,75,100,0,26000.0
APP-000178,8120.36,1004.54,5204.23,656564.38,293492.64,120,0,0,44,13682.92,2445.77,0.1237,0.447,0.3012,0.6409,1.0658,80,75,100,1,221000.0
APP-000179,9414.64,995.0,4752.21,595745.84,368088.71,240,1,0,45,7647.29,1533.7,0.1057,0.6179,0.1629,0.5048,0.7734,80,55,92,1,339000.0
APP-000180,12679.21,2416.56,5157.11,1371643.83,1202363.75,180,3,0,18,35460.52,6679.8,0.1906,0.8766,0.5268,0.4067,1.1242,60,75,76,1,276000.0
APP-000181,9202.02,356.07,5034.8,682972.01,498773.07,240,1,0,91,4410.43,2078.22,0.0387,0.7303,0.2258,0.5471,0.8117,100,55,92,0,459000.0
APP-000182,7185.03,613.33,1701.99,262076.05,140417.42,240,2,0,46,143.7,585.07,0.0854,0.5358,0.0814,0.2369,0.4037,80,30,84,0,118000.0
APP-000183,12040.12,3735.6,1503.27,625571.56,613060.13,240,1,0,77,23122.93,2554.42,0.3103,0.98,0.2122,0.1249,0.6473,100,75,92,1,106000.0
APP-000184,9872.02,3069.3,4835.93,381760.38,273431.13,180,1,0,55,197.44,1519.06,0.3109,0.7162,0.1539,0.4899,0.9546,80,30,92,1,64000.0
APP-000185,13414.42,980.05,3475.56,943194.95,726225.61,240,2,0,89,33437.25,3025.94,0.0731,0.77,0.2256,0.2591,0.5577,100,75,84,0,610000.0
APP-000186,9086.35,2859.08,3721.32,616122.75,475608.69,300,1,0,55,11281.42,1585.36,0.3147,0.7719,0.1745,0.4096,0.8987,80,75,92,0,89000.0
APP-000187,4581.7,1299.38,2012.01,282087.6,189622.83,240,1,0,35,91.63,790.1,0.2836,0.6722,0.1724,0.4391,0.8952,80,30,92,1,67000.0
APP-000188,4121.89,1778.12,1894.83,437731.05,273763.75,240,1,0,62,1221.65,1140.68,0.4314,0.6254,0.2767,0.4597,1.1678,100,30,92,1,0.0
APP-000189,13782.97,4130.47,7856.94,1101006.91,1078986.77,240,1,0,27,275.66,4495.78,0.2997,0.98,0.3262,0.57,1.1959,80,30,92,1,153000.0
APP-000190,14015.73,5160.61,7752.55,1164283.5,990126.21,180,1,0,66,20947.84,5500.7,0.3682,0.8504,0.3925,0.5531,1.3138,100,75,92,1,0.0
APP-000191,7925.54,2272.97,3576.0,421961.04,348899.26,240,2,0,24,158.51,1453.75,0.2868,0.8269,0.1834,0.4512,0.9214,60,30,84,1,101000.0
APP-000192,7273.8,2598.13,2540.58,378349.59,300756.74,180,2,0,43,11651.76,1670.87,0.3572,0.7949,0.2297,0.3493,0.9362,80,75,84,1,0.0
APP-000193,13176.62,524.48,5761.37,931093.02,548943.34,180,1,0,38,11538.22,3049.69,0.0398,0.5896,0.2314,0.4372,0.7085,80,55,92,0,505000.0
APP-000194,4957.45,1006.14,1609.22,362459.92,321168.09,240,1,0,53,3580.14,1338.2,0.203,0.8861,0.2699,0.3246,0.7975,80,55,92,0,161000.0
APP-000195,5636.87,1209.35,2190.33,206232.86,125883.05,300,1,0,98,9066.41,419.61,0.2145,0.6104,0.0744,0.3886,0.6776,100,75,92,0,116000.0
APP-000196,10558.65,1962.59,8857.73,704836.84,533439.75,300,1,0,32,18067.53,1778.13,0.1859,0.7568,0.1684,0.8389,1.1932,80,75,92,0,478000.0
APP-000197,7237.26,2041.95,3250.62,508441.63,257718.55,300,1,0,74,15786.08,859.06,0.2821,0.5069,0.1187,0.4492,0.85,100,75,92,1,136000.0
APP-000198,8483.61,2619.85,4174.27,560998.35,255079.42,240,1,1,91,4917.1,1062.83,0.3088,0.4547,0.1253,0.492,0.9261,100,55,57,0,48000.0
APP-000199,7976.98,2193.0,2449.92,441597.57,336222.61,180,0,0,73,8959.52,1867.9,0.2749,0.7614,0.2342,0.3071,0.8162,100,75,100,1,108000.0
APP-000200,9580.24,1870.33,5587.31,577576.94,355104.17,240,0,0,53,5539.35,1479.6,0.1952,0.6148,0.1544,0.5832,0.9329,80,55,100,0,355000.0
APP-000201,13003.94,1521.43,7043.5,868878.34,400907.6,300,1,0,51,16862.06,1336.36,0.117,0.4614,0.1028,0.5416,0.7614,80,75,92,1,369000.0
APP-000202,8789.87,3283.95,4770.93,629657.19,497605.0,240,2,0,31,3951.39,2073.35,0.3736,0.7903,0.2359,0.5428,1.1523,80,55,84,0,0.0
APP-000203,10560.6,2840.41,4798.55,854207.65,837123.5,240,0,0,15,8113.85,3488.01,0.269,0.98,0.3303,0.4544,1.0536,60,55,100,1,205000.0
APP-000204,2500.0,193.49,1463.68,223638.53,201418.44,240,0,0,47,1932.25,839.24,0.0774,0.9006,0.3357,0.5855,0.9986,80,55,100,0,164000.0
APP-000205,8344.1,1609.44,5202.29,539877.87,370652.44,240,0,0,95,11798.77,1544.39,0.1929,0.6865,0.1851,0.6235,1.0014,100,75,100,1,315000.0
APP-000206,5801.66,0.0,2699.49,358480.06,258517.85,300,2,0,103,6687.34,861.73,0.0,0.7211,0.1485,0.4653,0.6138,100,75,84,0,217000.0
APP-000207,4599.8,1034.73,1847.56,358222.17,299259.45,240,0,1,17,7385.76,1246.91,0.225,0.8354,0.2711,0.4017,0.8977,60,75,65,1,90000.0
APP-000208,5689.91,1093.75,3204.17,460855.64,399044.14,240,1,0,101,5995.48,1662.68,0.1922,0.8659,0.2922,0.5631,1.0476,100,75,92,1,198000.0
APP-000209,7430.8,1037.15,2046.0,462080.09,312061.33,180,2,0,64,4668.2,1733.67,0.1396,0.6753,0.2333,0.2753,0.6482,100,55,84,0,236000.0
APP-000210,11430.89,5050.67,3487.87,962790.36,697486.84,240,2,1,60,15113.4,2906.2,0.4418,0.7244,0.2542,0.3051,1.0012,80,75,49,1,0.0
APP-000211,4255.54,247.41,1751.04,372924.05,283079.16,180,3,0,95,1381.07,1572.66,0.0581,0.7591,0.3696,0.4115,0.8392,100,55,76,1,170000.0
APP-000212,8598.02,2741.87,1215.61,801768.5,635003.8,300,3,0,80,14291.99,2116.68,0.3189,0.792,0.2462,0.1414,0.7065,100,75,76,1,61000.0
APP-000213,6950.66,3657.01,3839.65,709035.05,498238.97,240,1,0,24,6207.5,2076.0,0.5261,0.7027,0.2987,0.5524,1.3772,60,55,92,0,0.0
APP-000214,7451.45,2763.13,1981.59,405392.27,285553.82,240,0,0,28,9940.73,1189.81,0.3708,0.7044,0.1597,0.2659,0.7964,80,75,100,0,0.0
APP-000215,11708.83,2524.24,4034.41,822546.92,739780.77,180,1,0,13,15783.75,4109.89,0.2156,0.8994,0.351,0.3446,0.9112,60,75,92,1,261000.0
APP-000216,10221.97,625.9,3944.41,717612.9,629517.09,240,1,0,58,26489.12,2622.99,0.0612,0.8772,0.2566,0.3859,0.7037,80,75,92,0,528000.0
APP-000217,12779.67,374.59,5447.79,872016.91,681972.49,240,2,0,26,19085.49,2841.55,0.0293,0.7821,0.2223,0.4263,0.6779,80,75,84,0,573000.0
APP-000218,8005.58,1299.97,2922.16,466831.63,440448.26,120,0,0,34,9733.96,3670.4,0.1624,0.9435,0.4585,0.365,0.9859,80,75,100,1,180000.0
APP-000219,6272.98,776.72,2567.03,271368.54,181752.35,300,2,0,89,3305.02,605.84,0.1238,0.6698,0.0966,0.4092,0.6296,100,55,84,0,153000.0
APP-000220,7783.65,928.31,3194.87,557840.55,519342.05,180,0,0,63,14572.14,2885.23,0.1193,0.931,0.3707,0.4105,0.9004,100,75,100,0,323000.0
APP-000221,9275.99,1616.95,3232.45,521028.62,411887.19,240,0,0,64,8411.61,1716.2,0.1743,0.7905,0.185,0.3485,0.7078,100,55,100,0,391000.0
APP-000222,9065.03,1864.55,2685.87,648584.04,635612.36,180,0,0,140,181.3,3531.18,0.2057,0.98,0.3895,0.2963,0.8915,100,30,100,1,235000.0
APP-000223,5029.96,1448.27,2982.95,280204.97,158309.46,240,0,0,4,4901.29,659.62,0.2879,0.565,0.1311,0.593,1.0121,35,55,100,1,75000.0
APP-000224,8789.57,410.55,1054.75,441290.33,278182.86,240,1,1,27,11622.8,1159.1,0.0467,0.6304,0.1319,0.12,0.2986,80,75,57,1,159000.0
APP-000225,9230.33,1149.05,3572.93,685050.87,530533.34,300,0,0,38,3815.31,1768.44,0.1245,0.7744,0.1916,0.3871,0.7032,80,55,100,0,531000.0
APP-000226,16555.92,3272.21,5711.4,1203889.78,928970.02,120,2,0,28,17278.38,7741.42,0.1976,0.7716,0.4676,0.345,1.0102,80,75,84,1,254000.0
APP-000227,14505.9,2794.3,7064.47,1166667.34,1135771.73,300,2,0,76,15748.56,3785.91,0.1926,0.9735,0.261,0.487,0.9406,100,75,84,1,575000.0
APP-000228,5769.62,2752.68,1080.73,630882.4,399418.77,240,0,0,41,6344.75,1664.24,0.4771,0.6331,0.2884,0.1873,0.9529,80,75,100,0,0.0
APP-000229,7580.37,1914.15,2577.59,568461.37,476165.65,180,3,0,22,17140.57,2645.36,0.2525,0.8376,0.349,0.34,0.9415,60,75,76,1,101000.0
APP-000230,3816.99,0.0,1540.62,300516.89,261786.33,180,2,0,55,76.34,1454.37,0.0,0.8711,0.381,0.4036,0.7846,80,30,84,1,202000.0
APP-000231,6609.74,1841.11,3907.75,334478.47,271464.14,180,1,0,61,19699.81,1508.13,0.2785,0.8116,0.2282,0.5912,1.0979,100,75,92,0,78000.0
APP-000232,9509.94,2818.68,4499.62,445404.19,265046.88,300,0,0,23,10655.39,883.49,0.2964,0.5951,0.0929,0.4731,0.8624,60,75,100,0,153000.0
APP-000233,12358.73,2502.42,2850.44,1217222.97,1099162.86,180,2,0,42,20666.15,6106.46,0.2025,0.903,0.4941,0.2306,0.9272,80,75,84,1,276000.0
APP-000234,6166.93,309.11,2109.11,329174.56,289611.81,240,1,1,61,7801.49,1206.72,0.0501,0.8798,0.1957,0.342,0.5878,100,75,57,1,150000.0
APP-000235,6406.73,2986.35,3599.1,328082.35,261792.0,240,1,1,91,128.13,1090.8,0.4661,0.7979,0.1703,0.5618,1.1982,100,30,57,1,0.0
APP-000236,2500.0,175.54,569.69,173240.55,129335.36,300,1,0,30,497.7,431.12,0.0702,0.7466,0.1724,0.2279,0.4705,80,30,92,0,119000.0
APP-000237,7979.47,2493.65,3250.97,545608.46,408875.73,240,1,0,65,5411.29,1703.65,0.3125,0.7494,0.2135,0.4074,0.9334,100,55,92,0,66000.0
APP-000238,5100.27,1264.9,2134.67,274164.63,194592.28,240,2,0,33,10426.73,810.8,0.248,0.7098,0.159,0.4185,0.8255,80,75,84,0,105000.0
APP-000239,6805.79,2069.73,2438.34,439045.04,352685.79,180,0,0,49,136.12,1959.37,0.3041,0.8033,0.2879,0.3583,0.9503,80,30,100,1,56000.0
APP-000240,5694.05,2613.34,4839.94,524585.37,379824.74,300,1,0,25,2162.81,1266.08,0.459,0.724,0.2224,0.85,1.5313,80,55,92,1,0.0
APP-000241,8198.36,2448.27,2901.92,454944.33,277375.8,180,2,0,64,10644.47,1540.98,0.2986,0.6097,0.188,0.354,0.8406,100,75,84,1,64000.0
APP-000242,2875.27,407.68,1414.52,129139.54,75376.56,120,2,0,83,4530.19,628.14,0.1418,0.5837,0.2185,0.492,0.8522,100,75,84,0,60000.0
APP-000243,3805.46,1426.43,1131.71,330947.83,205927.42,300,0,0,43,5892.55,686.42,0.3748,0.6222,0.1804,0.2974,0.8526,80,75,100,1,0.0
APP-000244,15313.59,2015.97,7724.78,1207650.36,904381.81,180,1,1,40,4048.84,5024.34,0.1316,0.7489,0.3281,0.5044,0.9642,80,30,57,0,343000.0
APP-000245,4380.25,1063.95,2449.99,257692.89,184635.86,120,0,0,38,87.6,1538.63,0.2429,0.7165,0.3513,0.5593,1.1535,80,30,100,1,56000.0
APP-000246,4990.29,194.46,1626.46,207201.64,154985.73,240,1,0,20,8159.88,645.77,0.039,0.748,0.1294,0.3259,0.4943,60,75,92,1,143000.0
APP-000247,14378.12,1083.26,5912.97,813755.47,638884.07,180,1,0,72,35079.91,3549.36,0.0753,0.7851,0.2469,0.4112,0.7334,100,75,92,1,588000.0
APP-000248,17796.21,4043.2,4925.2,1228211.47,784149.5,120,1,0,90,14935.09,6534.58,0.2272,0.6384,0.3672,0.2768,0.8711,100,55,92,0,241000.0
APP-000249,4750.99,1290.05,1125.49,432254.74,393583.43,240,1,0,29,569.08,1639.93,0.2715,0.9105,0.3452,0.2369,0.8536,80,30,92,1,82000.0
APP-000250,7321.6,0.0,4289.63,375902.28,257567.34,240,2,0,53,5587.17,1073.2,0.0,0.6852,0.1466,0.5859,0.7325,80,55,84,0,216000.0
APP-000251,9592.98,2778.32,3178.73,656914.09,435963.99,240,2,0,63,14434.13,1816.52,0.2896,0.6637,0.1894,0.3314,0.8103,100,75,84,1,117000.0
APP-000252,14031.83,1477.27,1683.82,1152751.57,902270.43,180,1,0,32,13192.32,5012.61,0.1053,0.7827,0.3572,0.12,0.5825,80,55,92,1,569000.0
APP-000253,5342.06,2132.32,3752.57,144968.41,69766.58,240,3,0,103,12908.94,290.69,0.3992,0.4813,0.0544,0.7025,1.156,100,75,76,0,0.0
APP-000254,7715.11,1317.16,2250.23,683621.71,421952.19,240,1,0,54,15295.0,1758.13,0.1707,0.6172,0.2279,0.2917,0.6903,80,75,92,1,305000.0
APP-000255,10987.48,688.84,4181.62,535264.88,453658.11,180,1,0,17,14458.47,2520.32,0.0627,0.8475,0.2294,0.3806,0.6727,60,75,92,0,394000.0
APP-000256,9891.25,2281.05,6751.22,751496.92,371341.04,180,0,0,85,197.83,2063.01,0.2306,0.4941,0.2086,0.6825,1.1217,100,30,100,0,213000.0
APP-000257,7296.3,669.27,2898.98,543138.78,469969.65,120,2,0,44,3844.88,3916.41,0.0917,0.8653,0.5368,0.3973,1.0258,80,55,84,1,190000.0
APP-000258,8071.77,3209.76,3179.2,722605.16,662229.88,240,3,0,36,5301.37,2759.29,0.3977,0.9164,0.3418,0.3939,1.1334,80,55,76,1,0.0
APP-000259,4100.33,902.38,916.39,327684.86,220194.66,180,0,0,69,1960.15,1223.3,0.2201,0.672,0.2983,0.2235,0.7419,100,55,100,0,96000.0
APP-000260,7737.84,1538.01,1225.88,210537.23,159573.67,240,0,0,33,10227.41,664.89,0.1988,0.7579,0.0859,0.1584,0.4431,80,75,100,0,160000.0
APP-000261,7647.56,2316.08,3008.38,427299.57,369819.79,300,1,0,99,10250.01,1232.73,0.3029,0.8655,0.1612,0.3934,0.8574,100,75,92,1,100000.0
APP-000262,9242.94,733.03,4418.59,669999.66,441742.43,180,3,1,87,184.86,2454.12,0.0793,0.6593,0.2655,0.478,0.8229,100,30,41,1,181000.0
APP-000263,6722.95,265.68,3152.29,447011.57,372276.07,240,2,1,107,12599.74,1551.15,0.0395,0.8328,0.2307,0.4689,0.7391,100,75,49,1,175000.0
APP-000264,10008.92,2774.17,3433.04,786671.27,497766.76,180,0,0,135,11655.5,2765.37,0.2772,0.6328,0.2763,0.343,0.8965,100,75,100,0,131000.0
APP-000265,11740.69,775.43,4969.14,988667.1,650455.65,120,0,0,63,17280.86,5420.46,0.066,0.6579,0.4617,0.4232,0.951,100,75,100,1,400000.0
APP-000266,8997.37,593.81,1134.09,728356.59,448730.49,240,2,0,47,16378.31,1869.71,0.066,0.6161,0.2078,0.126,0.3999,80,75,84,1,377000.0
APP-000267,9625.62,3245.24,4751.46,636667.91,486760.72,240,0,0,32,4425.16,2028.17,0.3371,0.7645,0.2107,0.4936,1.0415,80,55,100,1,30000.0
APP-000268,8670.1,2544.75,3865.35,318764.22,277495.72,300,1,0,66,19793.96,924.99,0.2935,0.8705,0.1067,0.4458,0.846,100,75,92,1,135000.0
APP-000269,8500.27,377.95,6254.38,525328.06,365662.64,240,0,0,133,8690.56,1523.59,0.0445,0.6961,0.1792,0.7358,0.9595,100,75,100,0,366000.0
APP-000270,6191.01,825.39,2607.64,479770.34,266146.65,180,0,0,20,15547.45,1478.59,0.1333,0.5547,0.2388,0.4212,0.7933,60,75,100,1,241000.0
APP-000271,9512.78,889.23,2560.58,479177.36,277562.58,240,4,0,56,3286.29,1156.51,0.0935,0.5792,0.1216,0.2692,0.4842,80,55,68,0,189000.0
APP-000272,8188.68,3837.91,3372.79,666255.36,513881.37,180,1,0,17,20016.6,2854.9,0.4687,0.7713,0.3486,0.4119,1.2292,60,75,92,0,0.0
APP-000273,15198.14,5271.34,5586.11,1312375.67,1259533.04,300,1,0,16,5112.87,4198.44,0.3468,0.9597,0.2762,0.3676,0.9906,60,55,92,1,13000.0
APP-000274,13534.74,2180.2,6625.97,978339.5,754480.01,240,0,0,92,46612.32,3143.67,0.1611,0.7712,0.2323,0.4896,0.8829,100,100,100,0,614000.0
APP-000275,9734.71,2926.91,4130.46,144579.53,96825.41,180,0,0,84,2855.67,537.92,0.3007,0.6697,0.0553,0.4243,0.7802,100,30,100,1,86000.0
APP-000276,6058.22,182.56,1323.17,284702.33,233343.14,240,0,0,31,12727.88,972.26,0.0301,0.8196,0.1605,0.2184,0.409,80,75,100,0,228000.0
APP-000277,4940.28,621.63,781.95,513549.39,353766.29,240,0,0,23,4070.03,1474.03,0.1258,0.6889,0.2984,0.1583,0.5825,60,55,100,0,266000.0
APP-000278,12311.66,2889.31,5688.79,740697.87,496877.11,240,1,0,109,22081.21,2070.32,0.2347,0.6708,0.1682,0.4621,0.8649,100,75,92,1,313000.0
APP-000279,9340.8,2646.36,5990.24,320253.18,190678.85,120,2,0,24,10401.23,1588.99,0.2833,0.5954,0.1701,0.6413,1.0947,80,75,84,0,63000.0
APP-000280,10036.46,2071.08,4342.73,925707.3,836004.73,120,2,1,19,1685.05,6966.71,0.2064,0.9031,0.6941,0.4327,1.3332,60,30,49,1,85000.0
APP-000281,2917.32,743.11,1604.9,204914.07,79896.6,120,0,1,25,58.35,665.81,0.2547,0.3899,0.2282,0.5501,1.0331,80,30,65,1,22000.0
APP-000282,11467.8,2648.69,6674.83,1030828.54,849115.83,180,1,0,60,39068.8,4717.31,0.231,0.8237,0.4114,0.582,1.2244,80,100,92,0,226000.0
APP-000283,9954.15,1961.95,4605.65,746414.12,492419.22,240,1,1,146,12101.47,2051.75,0.1971,0.6597,0.2061,0.4627,0.8659,100,75,57,0,208000.0
APP-000284,4946.62,883.17,1432.94,387093.26,258057.93,120,3,0,33,98.93,2150.48,0.1785,0.6667,0.4347,0.2897,0.903,80,30,76,1,77000.0
APP-000285,6991.12,1120.84,3154.74,535059.59,502956.53,240,0,0,91,9943.8,2095.65,0.1603,0.94,0.2998,0.4512,0.9113,100,75,100,1,318000.0
APP-000286,9343.9,2359.06,5729.04,771383.29,483783.03,240,2,0,51,16544.56,2015.76,0.2525,0.6272,0.2157,0.6131,1.0813,80,75,84,1,184000.0
APP-000287,8667.89,2405.46,4375.4,962082.02,607642.35,120,0,0,11,4389.66,5063.69,0.2775,0.6316,0.5842,0.5048,1.3665,35,55,100,1,75000.0
APP-000288,7565.05,1874.4,4083.0,661776.5,465261.14,300,2,0,33,3876.94,1550.87,0.2478,0.703,0.205,0.5397,0.9925,80,55,84,0,195000.0
APP-000289,8168.84,449.26,2826.36,339447.0,262664.14,240,1,1,84,9248.29,1094.43,0.055,0.7738,0.134,0.346,0.535,100,75,57,1,150000.0
APP-000290,7693.67,616.65,2982.25,600413.48,397809.2,180,0,0,82,17174.85,2210.05,0.0802,0.6626,0.2873,0.3876,0.755,100,75,100,1,374000.0
APP-000291,8988.2,2479.34,3604.3,813851.44,419457.68,240,2,0,30,11145.05,1747.74,0.2758,0.5154,0.1944,0.401,0.8713,80,75,84,1,134000.0
APP-000292,13208.77,5627.39,5439.19,1210565.87,735369.42,180,1,0,71,32584.76,4085.39,0.426,0.6075,0.3093,0.4118,1.1471,100,75,92,1,0.0
APP-000293,2500.0,603.35,1517.18,155802.78,138130.6,300,0,0,44,5420.24,460.44,0.2413,0.8866,0.1842,0.6069,1.0324,80,75,100,1,81000.0
APP-000294,7742.08,1257.05,929.05,704289.2,513934.61,240,1,0,59,7309.25,2141.39,0.1624,0.7297,0.2766,0.12,0.559,80,55,92,0,321000.0
APP-000295,9064.84,2278.97,3851.52,785915.83,611946.56,240,0,0,94,181.3,2549.78,0.2514,0.7786,0.2813,0.4249,0.9576,100,30,100,0,214000.0
APP-000296,9447.18,574.81,3847.65,1098757.32,753764.27,300,1,0,31,8937.0,2512.55,0.0608,0.686,0.266,0.4073,0.7341,80,55,92,0,693000.0
APP-000297,7309.87,2947.72,1466.07,413007.62,261956.4,240,2,1,37,11870.02,1091.48,0.4033,0.6343,0.1493,0.2006,0.7531,80,75,49,0,0.0
APP-000298,2878.49,708.46,1518.35,175204.46,164356.51,240,1,0,95,3465.43,684.82,0.2461,0.9381,0.2379,0.5275,1.0115,100,75,92,1,66000.0
APP-000299,9549.59,1205.88,2903.84,615851.41,428346.24,180,0,0,137,16434.67,2379.7,0.1263,0.6955,0.2492,0.3041,0.6796,100,75,100,0,385000.0
APP-000300,14027.52,2758.49,5090.23,858147.62,568404.3,180,1,1,78,27032.13,3157.8,0.1966,0.6624,0.2251,0.3629,0.7846,100,75,57,1,221000.0
APP-000301,3591.64,525.15,2570.92,193875.57,167217.39,240,3,0,56,5846.38,696.74,0.1462,0.8625,0.194,0.7158,1.056,80,75,76,1,118000.0
APP-000302,11264.25,4546.63,6551.24,228347.08,142966.54,240,0,0,78,10162.65,595.69,0.4036,0.6261,0.0529,0.5816,1.0381,100,55,100,0,0.0
APP-000303,7448.72,1427.82,3813.13,463127.17,297645.09,240,2,0,33,12051.25,1240.19,0.1917,0.6427,0.1665,0.5119,0.8701,80,75,84,0,238000.0
APP-000304,8303.76,2007.44,3993.48,636470.45,459106.55,240,1,0,49,26255.96,1912.94,0.2418,0.7213,0.2304,0.4809,0.953,80,100,92,0,198000.0
APP-000305,5130.72,1540.87,2019.72,313600.19,225803.15,180,0,0,16,102.61,1254.46,0.3003,0.72,0.2445,0.3937,0.9385,60,30,100,1,46000.0
APP-000306,7429.74,864.02,5497.27,778910.65,587103.49,180,2,0,34,11802.58,3261.69,0.1163,0.7537,0.439,0.7399,1.2952,80,75,84,0,263000.0
APP-000307,12660.14,3128.57,6942.15,889258.1,871472.94,240,2,0,61,35433.24,3631.14,0.2471,0.98,0.2868,0.5483,1.0823,100,75,84,1,263000.0
APP-000308,10364.5,2678.4,3110.1,966370.37,738028.91,180,0,1,53,962.54,4100.16,0.2584,0.7637,0.3956,0.3001,0.9541,80,30,65,0,111000.0
APP-000309,14043.4,34.11,2752.28,1049119.95,431034.06,240,3,1,8,28802.87,1795.98,0.0024,0.4109,0.1279,0.196,0.3263,35,75,41,1,177000.0
APP-000310,12267.72,3132.9,6265.05,1041226.64,793850.83,240,3,0,41,26636.23,3307.71,0.2554,0.7624,0.2696,0.5107,1.0357,80,75,76,0,212000.0
APP-000311,9905.08,2115.66,4071.59,743141.78,538721.61,240,0,1,53,198.1,2244.67,0.2136,0.7249,0.2266,0.4111,0.8513,80,30,65,1,211000.0
APP-000312,14080.59,3353.93,2694.6,1332560.66,966970.65,240,1,0,54,25220.11,4029.04,0.2382,0.7256,0.2861,0.1914,0.7157,80,75,92,1,348000.0
APP-000313,9904.78,2228.46,4839.21,703307.67,528868.48,240,0,0,19,8971.9,2203.62,0.225,0.752,0.2225,0.4886,0.936,60,55,100,1,297000.0
APP-000314,11149.56,2857.45,4202.89,880036.87,630345.61,240,1,0,72,12215.45,2626.44,0.2563,0.7163,0.2356,0.377,0.8688,100,75,92,1,231000.0
APP-000315,7550.97,3074.97,3812.53,578359.17,412462.87,180,3,1,126,6475.27,2291.46,0.4072,0.7132,0.3035,0.5049,1.2156,100,55,41,0,0.0
APP-000316,8712.95,478.07,4275.26,564693.58,451583.05,240,3,1,77,20313.54,1881.6,0.0549,0.7997,0.216,0.4907,0.7615,100,75,41,1,185000.0
APP-000317,6268.24,1078.76,2022.62,484470.57,314677.92,240,0,0,49,6575.96,1311.16,0.1721,0.6495,0.2092,0.3227,0.704,80,75,100,0,268000.0
APP-000318,11666.67,3655.48,6081.31,1285887.99,767418.95,180,1,0,111,8551.88,4263.44,0.3133,0.5968,0.3654,0.5213,1.2,100,55,92,1,71000.0
APP-000319,4729.43,1358.9,1609.59,308041.17,301880.35,240,1,0,33,3538.85,1257.83,0.2873,0.98,0.266,0.3403,0.8936,80,55,92,1,65000.0
APP-000320,11003.52,3128.49,3859.36,853327.11,534983.65,300,0,0,67,9277.17,1783.28,0.2843,0.6269,0.1621,0.3507,0.7971,100,55,100,1,217000.0
APP-000321,7889.92,4777.35,2641.83,730922.04,535779.44,180,2,0,46,1407.7,2976.55,0.6055,0.733,0.3773,0.3348,1.3176,80,30,84,1,0.0
APP-000322,12247.99,3747.63,7360.5,1108743.96,582716.09,240,3,0,111,8880.77,2427.98,0.306,0.5256,0.1982,0.601,1.1052,100,55,76,0,98000.0
APP-000323,10902.78,4124.86,4089.72,765494.0,562745.94,300,1,0,25,13692.83,1875.82,0.3783,0.7351,0.172,0.3751,0.9255,80,75,92,1,0.0
APP-000324,14326.07,2535.86,9162.82,388222.16,232421.1,300,1,0,25,21688.85,774.74,0.177,0.5987,0.0541,0.6396,0.8707,80,75,92,1,214000.0
APP-000325,10838.48,877.83,7645.0,859498.44,569399.25,240,2,0,96,24209.21,2372.5,0.081,0.6625,0.2189,0.7054,1.0052,100,75,84,0,478000.0
APP-000326,3469.47,610.61,1047.1,120000.0,102703.01,240,2,0,64,4742.35,427.93,0.176,0.8559,0.1233,0.3018,0.6011,100,75,84,0,81000.0
APP-000327,8285.75,2648.74,994.29,799234.07,624490.53,300,0,0,101,5990.41,2081.64,0.3197,0.7814,0.2512,0.12,0.6909,100,55,100,0,75000.0
APP-000328,4749.58,1315.42,2788.58,346959.11,275448.49,240,1,0,27,1140.2,1147.7,0.277,0.7939,0.2416,0.5871,1.1057,80,30,92,0,77000.0
APP-000329,6841.5,1891.37,2499.1,602012.25,294831.51,120,2,0,30,9680.99,2456.93,0.2765,0.4897,0.3591,0.3653,1.0009,80,75,84,1,51000.0
APP-000330,13335.93,2533.72,3752.87,716966.32,687424.7,120,0,0,58,13927.6,5728.54,0.19,0.9588,0.4296,0.2814,0.901,80,75,100,1,256000.0
APP-000331,10540.11,1767.23,3434.02,443262.83,250468.07,240,2,0,17,11321.28,1043.62,0.1677,0.5651,0.099,0.3258,0.5925,60,75,84,1,210000.0
APP-000332,6263.42,1220.24,2214.93,467837.45,429808.31,240,0,0,55,8682.84,1790.87,0.1948,0.9187,0.2859,0.3536,0.8344,80,75,100,1,233000.0
APP-000333,5256.1,1689.45,3298.47,364748.09,311057.43,180,3,1,37,8501.49,1728.1,0.3214,0.8528,0.3288,0.6276,1.2778,80,75,41,1,11000.0
APP-000334,8604.9,2905.89,3834.22,526209.29,418364.41,180,3,0,46,11984.58,2324.25,0.3377,0.7951,0.2701,0.4456,1.0534,80,75,76,1,14000.0
APP-000335,4607.01,364.53,2881.11,329511.16,200623.52,240,2,0,72,4591.04,835.93,0.0791,0.6089,0.1814,0.6254,0.8859,100,55,84,1,169000.0
APP-000336,6352.35,2075.49,3170.3,761099.62,562990.47,240,0,0,74,2723.61,2345.79,0.3267,0.7397,0.3693,0.4991,1.1951,100,55,100,0,35000.0
APP-000337,9498.43,1224.34,3519.39,807570.41,532011.41,300,1,0,123,5684.75,1773.37,0.1289,0.6588,0.1867,0.3705,0.6861,100,55,92,0,489000.0
APP-000338,12197.0,3484.06,4360.95,1084203.09,784719.25,240,2,0,88,23338.15,3269.66,0.2856,0.7238,0.2681,0.3575,0.9113,100,75,84,1,158000.0
APP-000339,10448.04,2017.77,5327.01,890077.28,611942.91,300,0,0,11,8032.16,2039.81,0.1931,0.6875,0.1952,0.5099,0.8982,35,55,100,1,492000.0
APP-000340,2500.0,1098.03,1378.17,241575.8,109912.31,300,0,1,27,50.0,366.37,0.4392,0.455,0.1465,0.5513,1.137,80,30,65,1,0.0
APP-000341,9473.97,1529.76,5490.04,630764.94,546136.43,180,2,0,28,20782.27,3034.09,0.1615,0.8658,0.3203,0.5795,1.0612,80,75,84,1,270000.0
APP-000342,8730.51,2139.02,3301.47,288231.56,204487.63,240,1,0,83,2635.39,852.03,0.245,0.7095,0.0976,0.3782,0.7208,100,55,92,0,188000.0
APP-000343,9824.45,2995.7,4401.68,654361.84,429899.99,120,0,0,113,11609.77,3582.5,0.3049,0.657,0.3647,0.448,1.1176,100,75,100,0,53000.0
APP-000344,13671.87,1335.0,7019.77,1156793.99,748627.86,300,2,0,21,21766.26,2495.43,0.0976,0.6472,0.1825,0.5134,0.7936,60,75,84,0,629000.0
APP-000345,2500.0,524.5,896.41,131358.98,100699.76,180,2,0,84,2882.24,559.44,0.2098,0.7666,0.2238,0.3586,0.7921,100,75,84,0,53000.0
APP-000346,6608.47,1207.22,1575.52,441613.67,266651.49,240,1,0,49,132.17,1111.05,0.1827,0.6038,0.1681,0.2384,0.5892,80,30,92,0,244000.0
APP-000347,10390.9,1538.54,3023.72,597977.03,255232.85,240,1,0,45,15601.3,1063.47,0.1481,0.4268,0.1023,0.291,0.5414,80,75,92,1,235000.0
APP-000348,3438.9,544.85,1311.71,333698.71,257924.7,180,1,0,33,8060.15,1432.92,0.1584,0.7729,0.4167,0.3814,0.9566,80,75,92,0,109000.0
APP-000349,13223.04,4967.66,6954.7,1103994.35,869377.21,240,2,1,41,24566.8,3622.41,0.3757,0.7875,0.2739,0.526,1.1756,80,75,49,1,0.0
APP-000350,9678.74,1318.27,6014.72,791021.56,549006.82,120,1,0,55,193.57,4575.06,0.1362,0.694,0.4727,0.6214,1.2303,80,30,92,1,228000.0
APP-000351,11209.07,3354.84,2275.8,910051.11,519432.26,240,1,0,35,34350.41,2164.3,0.2993,0.5708,0.1931,0.203,0.6954,80,100,92,0,125000.0
APP-000352,6672.98,1761.96,2164.88,462634.48,338445.63,240,2,0,62,133.46,1410.19,0.264,0.7316,0.2113,0.3244,0.7998,100,30,84,1,116000.0
APP-000353,11104.04,271.19,4027.9,816769.19,432569.78,180,1,0,45,1992.32,2403.17,0.0244,0.5296,0.2164,0.3627,0.6036,80,30,92,0,398000.0
APP-000354,11919.11,3488.53,6521.6,580063.43,340184.01,240,1,0,42,22094.33,1417.43,0.2927,0.5865,0.1189,0.5472,0.9588,80,75,92,0,151000.0
APP-000355,9245.21,204.39,3101.79,283310.62,176335.15,300,2,0,69,14399.94,587.78,0.0221,0.6224,0.0636,0.3355,0.4212,100,75,84,0,148000.0
APP-000356,9250.08,2848.4,3249.03,672494.53,557976.84,180,2,0,59,11306.39,3099.87,0.3079,0.8297,0.3351,0.3512,0.9943,80,75,84,1,59000.0
APP-000357,9365.1,1395.34,1817.59,710172.5,477847.08,240,0,0,8,5970.57,1991.03,0.149,0.6729,0.2126,0.1941,0.5557,35,55,100,0,452000.0
APP-000358,5737.3,1268.93,2853.42,526493.0,348421.15,300,0,0,64,13469.86,1161.4,0.2212,0.6618,0.2024,0.4973,0.9209,100,75,100,1,222000.0
APP-000359,8027.91,311.49,3164.41,789015.29,768587.71,240,2,0,57,8947.96,3202.45,0.0388,0.9741,0.3989,0.3942,0.8319,80,75,84,1,504000.0
APP-000360,8011.93,1899.9,2526.58,787251.82,602893.28,120,0,0,91,160.24,5024.11,0.2371,0.7658,0.6271,0.3154,1.1796,100,30,100,1,109000.0
APP-000361,9726.86,3402.19,3681.4,506142.78,386728.15,300,2,0,58,21973.66,1289.09,0.3498,0.7641,0.1325,0.3785,0.8608,80,75,84,1,1000.0
APP-000362,11699.44,1252.13,7023.4,744777.18,500444.76,120,0,0,40,15763.31,4170.37,0.107,0.6719,0.3565,0.6003,1.0638,80,75,100,1,341000.0
APP-000363,5112.68,690.2,1325.3,402092.28,258332.9,240,0,0,32,11010.2,1076.39,0.135,0.6425,0.2105,0.2592,0.6047,80,75,100,1,258000.0
APP-000364,8099.97,2297.53,2311.2,936148.36,407942.72,240,0,0,15,13488.83,1699.76,0.2836,0.4358,0.2098,0.2853,0.7788,60,75,100,0,129000.0
APP-000365,13240.66,3802.01,8213.98,1279600.81,1082460.73,240,1,0,49,43726.75,4510.25,0.2871,0.8459,0.3406,0.6204,1.2481,80,100,92,0,184000.0
APP-000366,6120.52,0.0,2644.82,551759.46,429423.5,120,0,0,29,5331.13,3578.53,0.0,0.7783,0.5847,0.4321,1.0168,80,55,100,0,257000.0
APP-000367,5868.8,2947.06,3093.8,369850.7,257678.1,180,1,0,99,6834.12,1431.54,0.5022,0.6967,0.2439,0.5272,1.2732,100,75,92,1,0.0
APP-000368,9147.38,2689.31,4429.9,494895.26,347495.92,240,1,0,50,16445.59,1447.9,0.294,0.7022,0.1583,0.4843,0.9366,80,75,92,0,113000.0
APP-000369,11202.03,3557.41,4641.52,943214.98,769379.28,120,0,0,23,9819.56,6411.49,0.3176,0.8157,0.5724,0.4143,1.3043,60,55,100,1,44000.0
APP-000370,8536.56,1706.5,3109.63,428433.87,221880.63,240,0,0,12,15983.64,924.5,0.1999,0.5179,0.1083,0.3643,0.6725,35,75,100,0,222000.0
APP-000371,12752.67,0.0,7052.86,837954.55,539069.09,240,3,0,15,255.05,2246.12,0.0,0.6433,0.1761,0.553,0.7292,60,30,76,0,410000.0
APP-000372,11241.74,3535.09,6812.2,763696.38,437048.64,240,3,0,61,12191.61,1821.04,0.3145,0.5723,0.162,0.606,1.0824,100,75,76,0,73000.0
APP-000373,11193.82,1576.92,6643.2,1104521.7,1049622.78,180,4,1,106,11835.31,5831.24,0.1409,0.9503,0.5209,0.5935,1.2553,100,75,33,1,147000.0
APP-000374,10273.17,3042.4,2366.16,653532.5,544938.41,180,1,0,68,10526.98,3027.44,0.2962,0.8338,0.2947,0.2303,0.8212,100,75,92,0,92000.0
APP-000375,15948.49,3020.13,10028.18,416152.03,180464.31,300,0,0,46,5753.67,601.55,0.1894,0.4336,0.0377,0.6288,0.8559,80,55,100,1,180000.0
APP-000376,7843.48,1986.95,2845.07,620262.63,324528.23,240,1,0,139,15416.45,1352.2,0.2533,0.5232,0.1724,0.3627,0.7885,100,75,92,0,167000.0
APP-000377,2500.0,278.75,747.99,143544.02,100882.03,120,1,0,77,1740.0,840.68,0.1115,0.7028,0.3363,0.2992,0.747,100,55,92,0,66000.0
APP-000378,13633.61,4649.26,5356.75,964814.85,635410.44,180,0,0,58,18136.07,3530.06,0.341,0.6586,0.2589,0.3929,0.9928,80,75,100,0,22000.0
APP-000379,7035.36,377.28,3890.42,481495.35,263777.75,180,0,0,39,7855.35,1465.43,0.0536,0.5478,0.2083,0.553,0.8149,80,75,100,0,264000.0
APP-000380,8845.22,4726.7,4479.88,575587.74,559942.74,300,1,0,109,14155.25,1866.48,0.5344,0.9728,0.211,0.5065,1.2519,100,75,92,1,0.0
APP-000381,12690.56,6768.04,4811.48,1068876.95,813020.07,180,1,0,41,30937.87,4516.78,0.5333,0.7606,0.3559,0.3791,1.2684,80,75,92,1,0.0
APP-000382,3372.77,1512.95,1868.6,143033.87,111813.31,120,3,1,28,4470.92,931.78,0.4486,0.7817,0.2763,0.554,1.2789,80,75,41,1,0.0
APP-000383,4494.73,1791.45,1988.37,272801.93,171875.6,240,0,0,47,8572.6,716.15,0.3986,0.63,0.1593,0.4424,1.0003,80,75,100,0,0.0
APP-000384,3375.91,702.74,1108.39,277880.26,226165.53,120,2,1,53,4322.46,1884.71,0.2082,0.8139,0.5583,0.3283,1.0948,80,75,49,0,28000.0
APP-000385,5958.76,2284.09,1827.64,351248.12,235527.23,180,2,0,81,4138.91,1308.48,0.3833,0.6705,0.2196,0.3067,0.9096,100,55,84,1,0.0
APP-000386,9906.84,2046.11,4811.13,406591.25,277769.07,300,1,0,28,10130.71,925.9,0.2065,0.6832,0.0935,0.4856,0.7856,80,75,92,0,256000.0
APP-000387,10177.4,25.52,4140.14,834892.88,667438.63,240,0,0,32,9106.86,2780.99,0.0025,0.7994,0.2733,0.4068,0.6826,80,55,100,0,667000.0
APP-000388,9384.08,4039.36,1876.06,846591.14,430263.28,120,3,0,33,15590.2,3585.53,0.4304,0.5082,0.3821,0.1999,1.0125,80,75,76,0,0.0
APP-000389,3979.15,1504.26,2210.6,275317.67,255388.43,240,2,0,45,4957.97,1064.12,0.378,0.9276,0.2674,0.5555,1.201,80,75,84,1,0.0
APP-000390,2500.0,539.03,857.89,120000.0,89245.27,180,0,0,24,1087.9,495.81,0.2156,0.7437,0.1983,0.3432,0.7571,60,55,100,0,60000.0
APP-000391,8673.93,420.46,5852.64,717398.8,635990.36,120,2,0,98,8242.26,5299.92,0.0485,0.8865,0.611,0.6747,1.3342,100,55,84,1,264000.0
APP-000392,6990.32,964.19,1366.76,280465.61,162724.87,240,1,0,15,139.81,678.02,0.1379,0.5802,0.097,0.1955,0.4304,60,30,92,0,150000.0
APP-000393,9970.03,0.0,3899.15,753319.72,451983.2,240,2,0,111,9809.09,1883.26,0.0,0.6,0.1889,0.3911,0.58,100,55,84,0,380000.0
APP-000394,10746.25,3786.03,3309.88,580573.24,330318.87,240,2,1,76,12370.82,1376.33,0.3523,0.569,0.1281,0.308,0.7884,100,75,49,0,0.0
APP-000395,8942.37,0.0,2360.18,439275.21,330571.59,300,1,0,27,24838.36,1101.91,0.0,0.7525,0.1232,0.2639,0.3872,80,75,92,0,304000.0
APP-000396,10932.43,2844.14,3740.13,678309.14,494201.0,180,0,0,43,25839.96,2745.56,0.2602,0.7286,0.2511,0.3421,0.8534,80,75,100,1,177000.0
APP-000397,9233.48,940.73,6493.82,615878.82,406249.97,300,0,1,30,2025.2,1354.17,0.1019,0.6596,0.1467,0.7033,0.9518,80,30,65,1,264000.0
APP-000398,10196.21,206.59,4516.3,595501.84,350256.92,240,1,0,77,13577.19,1459.4,0.0203,0.5882,0.1431,0.4429,0.6063,100,75,92,0,322000.0
APP-000399,6245.05,1582.31,1831.84,503329.81,279520.43,180,0,0,104,8414.45,1552.89,0.2534,0.5553,0.2487,0.2933,0.7954,100,75,100,0,109000.0
APP-000400,7925.24,1373.19,1009.83,491133.29,350520.4,240,0,0,210,7470.39,1460.5,0.1733,0.7137,0.1843,0.1274,0.485,100,55,100,0,336000.0
APP-000401,9129.68,3079.87,1319.99,800156.83,527682.4,120,1,1,66,9129.5,4397.35,0.3373,0.6595,0.4817,0.1446,0.9636,100,55,57,1,8000.0
APP-000402,11125.69,473.23,3717.83,835106.8,526844.74,240,1,0,16,9250.4,2195.19,0.0425,0.6309,0.1973,0.3342,0.574,60,55,92,0,485000.0
APP-000403,7240.03,825.19,2306.74,415895.97,383090.77,240,1,0,25,20528.65,1596.21,0.114,0.9211,0.2205,0.3186,0.6531,80,75,92,1,306000.0
APP-000404,10167.74,0.0,3905.95,553257.81,392424.47,180,1,0,64,7884.41,2180.14,0.0,0.7093,0.2144,0.3842,0.5986,100,55,92,0,361000.0
APP-000405,7649.32,0.0,917.92,308612.16,273154.34,300,1,0,44,11143.86,910.51,0.0,0.8851,0.119,0.12,0.239,80,75,92,0,227000.0
APP-000406,8123.87,3832.41,3292.85,611184.34,397683.73,180,0,0,76,162.48,2209.35,0.4717,0.6507,0.272,0.4053,1.149,100,30,100,1,0.0
APP-000407,11154.46,5707.78,6519.08,709618.07,533505.71,240,0,1,59,21095.45,2222.94,0.5117,0.7518,0.1993,0.5844,1.2954,80,75,65,1,0.0
APP-000408,2500.0,582.45,1699.14,120000.0,85534.57,120,0,0,27,5539.57,712.79,0.233,0.7128,0.2851,0.6797,1.1978,80,75,100,1,35000.0
APP-000409,4351.29,455.42,522.15,262631.3,131134.2,180,3,0,40,884.06,728.52,0.1047,0.4993,0.1674,0.12,0.3921,80,30,76,0,100000.0
APP-000410,3757.01,669.56,1096.21,202057.03,182999.82,180,1,0,78,2589.71,1016.67,0.1782,0.9057,0.2706,0.2918,0.7406,100,55,92,1,107000.0
APP-000411,2500.0,855.75,708.31,245905.49,172731.4,300,1,0,61,3890.88,575.77,0.3423,0.7024,0.2303,0.2833,0.8559,100,75,92,0,5000.0
APP-000412,6329.55,936.68,2805.99,249067.85,203496.99,120,2,0,76,7389.85,1695.81,0.148,0.817,0.2679,0.4433,0.8592,100,75,84,1,129000.0
APP-000413,10898.19,2760.17,2450.31,480127.17,298752.53,300,2,0,20,17107.24,995.84,0.2533,0.6222,0.0914,0.2248,0.5695,60,75,84,0,251000.0
APP-000414,7588.37,1655.89,5229.62,682797.47,476981.99,180,0,0,28,6764.9,2649.9,0.2182,0.6986,0.3492,0.6892,1.2566,80,55,100,1,180000.0
APP-000415,9132.93,1281.95,3899.43,862346.95,523711.23,240,2,0,94,25818.23,2182.13,0.1404,0.6073,0.2389,0.427,0.8063,100,75,84,0,386000.0
APP-000416,11985.5,1753.87,4797.75,678262.9,597332.44,180,1,0,20,6558.87,3318.51,0.1463,0.8807,0.2769,0.4003,0.8235,60,55,92,1,404000.0
APP-000417,12748.6,3328.21,8603.19,747353.98,568350.15,120,1,0,73,45543.3,4736.25,0.2611,0.7605,0.3715,0.6748,1.3074,100,100,92,1,125000.0
APP-000418,8278.76,689.09,3455.82,671343.06,515401.45,300,0,0,19,18774.0,1718.0,0.0832,0.7677,0.2075,0.4174,0.7082,60,75,100,0,515000.0
APP-000419,12831.47,3634.41,6211.06,360721.03,323409.47,240,0,0,52,24365.74,1347.54,0.2832,0.8966,0.105,0.484,0.8723,80,75,100,1,206000.0
APP-000420,8794.81,1354.21,2637.32,320997.32,279371.79,240,2,1,36,1878.31,1164.05,0.154,0.8703,0.1324,0.2999,0.5862,80,30,49,1,126000.0
APP-000421,5820.33,1384.26,1168.25,378011.52,309778.37,240,0,0,27,11458.56,1290.74,0.2378,0.8195,0.2218,0.2007,0.6603,80,75,100,0,157000.0
APP-000422,6597.92,2729.92,2126.79,645923.26,345682.27,240,2,0,55,11173.87,1440.34,0.4138,0.5352,0.2183,0.3223,0.9544,80,75,84,1,0.0
APP-000423,3762.28,739.11,2896.64,233851.7,147224.08,240,1,0,92,75.25,613.43,0.1965,0.6296,0.163,0.7699,1.1294,100,30,92,1,128000.0
APP-000424,5657.97,1973.35,2949.41,406337.77,239533.9,300,1,0,31,113.16,798.45,0.3488,0.5895,0.1411,0.5213,1.0112,80,30,92,1,2000.0
APP-000425,7354.35,0.0,3411.87,664893.29,541608.36,240,2,0,10,10824.61,2256.7,0.0,0.8146,0.3069,0.4639,0.7708,35,75,84,0,447000.0
APP-000426,11071.47,1706.66,2920.44,1194876.72,886819.28,240,3,0,45,11403.95,3695.08,0.1541,0.7422,0.3337,0.2638,0.7517,80,75,76,1,396000.0
APP-000427,14006.46,3135.72,7924.86,835019.52,450270.4,240,2,0,27,9596.8,1876.13,0.2239,0.5392,0.1339,0.5658,0.9236,80,55,84,0,356000.0
APP-000428,4077.02,1994.75,826.69,284155.75,197619.89,240,0,0,79,8647.58,823.42,0.4893,0.6955,0.202,0.2028,0.894,100,75,100,0,0.0
APP-000429,9757.05,0.0,1651.58,1002995.19,527340.17,240,0,0,36,3459.84,2197.25,0.0,0.5258,0.2252,0.1693,0.3945,80,55,100,0,527000.0
APP-000430,5170.26,1067.82,1709.17,220255.19,157061.69,240,1,0,32,3827.46,654.42,0.2065,0.7131,0.1266,0.3306,0.6637,80,55,92,0,144000.0
APP-000431,10019.03,4247.43,7341.13,886648.74,447581.68,240,0,0,39,5687.54,1864.92,0.4239,0.5048,0.1861,0.7327,1.3428,80,55,100,0,0.0
APP-000432,8080.52,889.64,5847.58,417523.2,329320.41,240,1,0,92,13002.79,1372.17,0.1101,0.7887,0.1698,0.7237,1.0036,100,75,92,0,303000.0
APP-000433,2641.1,502.34,918.58,189748.61,145942.33,300,1,0,63,52.82,486.47,0.1902,0.7691,0.1842,0.3478,0.7222,100,30,92,1,116000.0
APP-000434,11470.55,3056.25,3580.28,752844.99,728779.03,300,0,0,24,8053.42,2429.26,0.2664,0.968,0.2118,0.3121,0.7904,80,55,100,1,288000.0
APP-000435,6564.0,1613.64,1034.11,346288.89,287497.19,240,1,0,20,131.28,1197.9,0.2458,0.8302,0.1825,0.1575,0.5859,60,30,92,1,151000.0
APP-000436,6791.52,2982.89,2937.23,355224.74,236231.97,240,2,1,110,5897.84,984.3,0.4392,0.665,0.1449,0.4325,1.0166,100,55,49,1,0.0
APP-000437,5076.79,1435.65,2263.85,380634.83,314537.25,240,0,0,31,9142.0,1310.57,0.2828,0.8263,0.2581,0.4459,0.9869,80,75,100,0,82000.0
APP-000438,6406.29,2600.24,3499.94,563239.45,303193.88,180,1,0,93,11639.0,1684.41,0.4059,0.5383,0.2629,0.5463,1.2151,100,75,92,0,0.0
APP-000439,9869.25,1673.81,5583.16,667800.28,397260.07,240,0,0,44,4886.87,1655.25,0.1696,0.5949,0.1677,0.5657,0.903,80,55,100,1,397000.0
APP-000440,7894.42,918.33,3066.29,562572.31,429416.25,180,3,1,29,12867.82,2385.65,0.1163,0.7633,0.3022,0.3884,0.8069,80,75,41,1,136000.0
APP-000441,9551.72,1799.53,4861.49,766822.78,336963.05,120,0,0,30,9392.71,2808.03,0.1884,0.4394,0.294,0.509,0.9913,80,55,100,1,185000.0
APP-000442,9658.15,557.52,2973.72,507157.78,362703.57,300,1,0,45,22937.88,1209.01,0.0577,0.7152,0.1252,0.3079,0.4908,80,75,92,0,334000.0
APP-000443,12726.12,3661.2,6438.48,1060269.66,622766.11,300,0,0,9,13146.5,2075.89,0.2877,0.5874,0.1631,0.5059,0.9567,35,75,100,1,238000.0
APP-000444,7403.08,1228.74,2508.48,627397.89,459989.26,240,0,0,29,148.06,1916.62,0.166,0.7332,0.2589,0.3388,0.7637,80,30,100,1,327000.0
APP-000445,3774.05,475.34,1862.55,441055.97,255765.83,180,0,0,132,7379.08,1420.92,0.1259,0.5799,0.3765,0.4935,0.996,100,75,100,0,152000.0
APP-000446,11915.11,3453.14,5725.93,753394.0,583995.06,240,1,0,155,8779.18,2433.31,0.2898,0.7752,0.2042,0.4806,0.9746,100,55,92,0,158000.0
APP-000447,7439.24,445.46,3206.38,459406.62,331927.05,240,1,0,31,6719.27,1383.03,0.0599,0.7225,0.1859,0.431,0.6768,80,55,92,0,305000.0
APP-000448,12066.7,3956.31,6602.01,1011688.5,912591.15,240,1,0,71,17524.84,3802.46,0.3279,0.902,0.3151,0.5471,1.1901,100,75,92,0,59000.0
APP-000449,9726.81,1488.52,1641.26,824287.3,594208.51,300,3,0,62,194.54,1980.7,0.153,0.7209,0.2036,0.1687,0.5254,100,30,76,0,437000.0
APP-000450,8080.36,3088.91,2016.97,487798.65,302472.45,180,2,0,22,9835.32,1680.4,0.3823,0.6201,0.208,0.2496,0.8398,60,75,84,1,0.0
APP-000451,9616.08,1586.81,3623.25,603342.58,415042.28,180,1,0,72,15684.29,2305.79,0.165,0.6879,0.2398,0.3768,0.7816,100,75,92,0,295000.0
APP-000452,14743.24,4547.81,2787.62,1175631.21,641012.06,180,1,0,38,21785.46,3561.18,0.3085,0.5452,0.2415,0.1891,0.7391,80,75,92,0,101000.0
APP-000453,15146.34,3712.95,5375.46,834615.97,644989.42,120,2,0,51,9253.83,5374.91,0.2451,0.7728,0.3549,0.3549,0.9549,80,55,84,1,160000.0
APP-000454,8722.02,2827.21,3140.44,546089.04,435058.5,180,2,0,80,17816.81,2416.99,0.3241,0.7967,0.2771,0.3601,0.9613,100,75,84,0,34000.0
APP-000455,9012.61,2121.5,5673.88,645417.06,632508.72,120,1,1,40,2273.46,5270.91,0.2354,0.98,0.5848,0.6295,1.4498,80,30,57,1,71000.0
APP-000456,11943.97,0.0,5288.85,1050196.08,671244.71,120,1,0,40,7011.47,5593.71,0.0,0.6392,0.4683,0.4428,0.9111,80,55,92,0,462000.0
APP-000457,5793.88,2092.93,3387.73,342518.38,234689.04,180,3,0,67,5953.79,1303.83,0.3612,0.6852,0.225,0.5847,1.171,100,75,76,1,0.0
APP-000458,9565.83,1987.06,4479.37,352377.06,227336.55,180,2,0,95,13544.46,1262.98,0.2077,0.6452,0.132,0.4683,0.808,100,75,84,0,191000.0
APP-000459,8417.24,2782.17,2813.83,298822.46,223392.14,240,0,0,65,7221.24,930.8,0.3305,0.7476,0.1106,0.3343,0.7754,100,55,100,0,39000.0
APP-000460,9504.51,3009.45,4195.24,449853.65,346216.26,120,1,1,41,21439.58,2885.14,0.3166,0.7696,0.3036,0.4414,1.0616,80,75,57,1,22000.0
APP-000461,5833.22,651.8,3130.74,270445.46,192844.18,300,2,0,89,8258.43,642.81,0.1117,0.7131,0.1102,0.5367,0.7586,100,75,84,0,162000.0
APP-000462,3413.38,313.79,2085.39,229437.46,197596.67,180,2,1,60,4157.82,1097.76,0.0919,0.8612,0.3216,0.6109,1.0245,100,75,49,1,78000.0
APP-000463,2500.0,779.37,997.08,121500.39,77735.06,120,3,0,107,3460.31,647.79,0.3117,0.6398,0.2591,0.3988,0.9697,100,75,76,1,9000.0
APP-000464,4924.37,874.3,770.16,282414.69,239544.88,120,0,0,123,8911.22,1996.21,0.1775,0.8482,0.4054,0.1564,0.7393,100,75,100,0,102000.0
APP-000465,7032.24,2469.02,1020.74,394272.71,311477.3,240,1,0,64,9610.94,1297.82,0.3511,0.79,0.1846,0.1452,0.6808,100,75,92,0,0.0
APP-000466,7561.79,1474.94,2781.03,469366.61,337209.92,180,0,0,102,151.24,1873.39,0.1951,0.7184,0.2477,0.3678,0.8106,100,30,100,0,211000.0
APP-000467,14699.14,5339.86,1763.9,1378853.95,936322.13,240,0,1,104,31317.37,3901.34,0.3633,0.6791,0.2654,0.12,0.7487,100,75,65,1,0.0
APP-000468,12039.18,3362.09,8514.31,986190.01,966466.21,120,2,0,47,15141.77,8053.89,0.2793,0.98,0.669,0.7072,1.6555,80,75,84,1,86000.0
APP-000469,5421.31,1411.26,2794.74,381065.56,233893.8,300,0,1,104,9576.02,779.65,0.2603,0.6138,0.1438,0.5155,0.9196,100,75,65,1,95000.0
APP-000470,9612.67,1611.45,3059.65,593116.23,450015.86,120,2,0,52,7542.59,3750.13,0.1676,0.7587,0.3901,0.3183,0.8761,80,55,84,1,177000.0
APP-000471,7197.35,1817.62,1745.04,447688.19,278673.15,240,1,0,76,143.95,1161.14,0.2525,0.6225,0.1613,0.2425,0.6563,100,30,92,0,155000.0
APP-000472,7590.04,2937.34,4436.37,576079.43,548502.91,300,1,1,49,151.8,1828.34,0.387,0.9521,0.2409,0.5845,1.2124,80,30,57,1,0.0
APP-000473,9093.04,1931.45,2198.86,732126.68,611536.21,180,1,0,17,2728.54,3397.42,0.2124,0.8353,0.3736,0.2418,0.8279,60,55,92,1,207000.0
APP-000474,10481.35,3085.34,2694.58,562459.35,355369.98,180,1,0,143,16933.3,1974.28,0.2944,0.6318,0.1884,0.2571,0.7398,100,75,92,0,97000.0
APP-000475,7414.37,1679.28,2205.4,523874.77,412099.46,240,2,0,74,17187.27,1717.08,0.2265,0.7866,0.2316,0.2974,0.7555,100,75,84,0,185000.0
APP-000476,11904.32,2826.62,5217.12,397971.67,299871.83,180,2,0,78,16925.26,1665.95,0.2374,0.7535,0.1399,0.4383,0.8156,100,75,84,0,203000.0
APP-000477,4845.8,2235.26,2516.56,357672.44,233502.44,120,0,0,55,983.67,1945.85,0.4613,0.6528,0.4016,0.5193,1.3822,80,30,100,1,0.0
APP-000478,8520.28,3307.93,5204.42,713307.07,583885.59,240,1,0,104,3785.46,2432.86,0.3882,0.8186,0.2855,0.6108,1.2846,100,55,92,1,0.0
APP-000479,16812.56,3885.66,9872.26,1092122.86,841600.47,120,2,0,46,39924.86,7013.34,0.2311,0.7706,0.4171,0.5872,1.2355,80,75,84,0,201000.0
APP-000480,9213.86,2303.68,3870.96,946239.76,707825.98,300,2,0,48,184.28,2359.42,0.25,0.748,0.2561,0.4201,0.9262,80,30,84,1,232000.0
APP-000481,13086.29,1593.1,7633.02,708461.55,506231.51,240,2,0,24,39803.19,2109.3,0.1217,0.7146,0.1612,0.5833,0.8662,80,100,84,1,425000.0
APP-000482,8792.86,1721.5,2749.0,649915.15,504358.26,240,4,1,59,24957.96,2101.49,0.1958,0.776,0.239,0.3126,0.7474,80,75,33,1,114000.0
APP-000483,10358.49,2727.55,1332.74,718414.45,538681.8,180,1,0,101,31813.5,2992.68,0.2633,0.7498,0.2889,0.1287,0.6809,100,100,92,0,149000.0
APP-000484,8318.29,2820.62,2600.46,567263.07,412787.2,240,0,0,46,12416.15,1719.95,0.3391,0.7277,0.2068,0.3126,0.8585,80,75,100,0,22000.0
APP-000485,7954.7,2584.41,2314.8,540459.54,344093.25,240,1,0,22,6702.85,1433.72,0.3249,0.6367,0.1802,0.291,0.7961,60,55,92,1,44000.0
APP-000486,6005.66,388.59,1915.1,431974.19,406137.65,120,6,0,89,8832.59,3384.48,0.0647,0.9402,0.5635,0.3189,0.9471,100,75,52,1,107000.0
APP-000487,9876.96,3523.88,2632.21,842142.15,491343.97,300,2,1,68,19435.16,1637.81,0.3568,0.5834,0.1658,0.2665,0.7891,100,75,49,1,0.0
APP-000488,5775.08,1198.74,1999.46,547473.36,424616.35,240,0,0,134,3258.89,1769.23,0.2076,0.7756,0.3064,0.3462,0.8602,100,55,100,1,197000.0
APP-000489,10629.87,869.75,5519.06,743660.54,504476.03,240,0,0,30,1689.27,2101.98,0.0818,0.6784,0.1977,0.5192,0.7988,80,30,100,0,504000.0
APP-000490,11972.92,4874.1,8314.49,1013815.12,961848.12,180,1,0,74,10709.26,5343.6,0.4071,0.9487,0.4463,0.6944,1.5478,100,55,92,1,0.0
APP-000491,9672.9,4109.62,1392.36,554916.84,334363.63,120,2,1,21,4400.42,2786.36,0.4249,0.6025,0.2881,0.1439,0.8569,60,55,49,1,0.0
APP-000492,7584.0,1948.52,1622.69,635442.45,396780.29,240,4,0,50,17191.4,1653.25,0.2569,0.6244,0.218,0.214,0.6889,80,75,68,1,115000.0
APP-000493,9952.69,3177.21,2919.81,560178.71,332703.39,240,1,0,56,5923.97,1386.26,0.3192,0.5939,0.1393,0.2934,0.7519,80,55,92,1,68000.0
APP-000494,7512.25,2459.83,4075.53,673336.74,513116.57,180,0,0,16,9285.72,2850.65,0.3274,0.7621,0.3795,0.5425,1.2494,60,75,100,0,31000.0
APP-000495,11493.75,4774.6,4450.48,1261916.55,683332.12,120,1,1,96,23386.75,5694.43,0.4154,0.5415,0.4954,0.3872,1.2981,100,75,57,1,0.0
APP-000496,2639.5,849.73,802.78,178964.71,117721.43,240,1,0,82,6075.76,490.51,0.3219,0.6578,0.1858,0.3041,0.8119,100,75,92,0,16000.0
APP-000497,7426.06,253.4,3970.54,226748.82,99813.12,180,1,0,68,9933.86,554.52,0.0341,0.4402,0.0747,0.5347,0.6435,100,75,92,1,92000.0
APP-000498,2500.0,1253.43,1432.56,150336.72,112941.18,180,0,0,22,3739.67,627.45,0.5014,0.7513,0.251,0.573,1.3254,60,75,100,1,0.0
APP-000499,3715.81,1371.85,1549.48,342499.72,224327.75,240,1,0,32,872.13,934.7,0.3692,0.655,0.2515,0.417,1.0377,80,30,92,1,0.0
APP-000500,12864.36,1912.5,3723.01,1028574.75,541598.73,120,1,0,87,26638.88,4513.32,0.1487,0.5266,0.3508,0.2894,0.7889,100,75,92,1,286000.0
APP-000501,11364.59,862.03,5264.59,846439.86,728894.1,120,0,0,50,25992.76,6074.12,0.0759,0.8611,0.5345,0.4632,1.0736,80,75,100,1,374000.0
APP-000502,6197.66,1801.5,2371.7,546361.39,300500.57,120,0,0,44,123.95,2504.17,0.2907,0.55,0.4041,0.3827,1.0774,80,30,100,0,44000.0
APP-000503,3691.99,668.41,1408.26,290633.97,239366.91,300,3,0,102,10103.69,797.89,0.181,0.8236,0.2161,0.3814,0.7786,100,75,76,1,142000.0
APP-000504,2500.0,665.5,845.04,229797.63,144511.62,180,1,0,55,1298.52,802.84,0.2662,0.6289,0.3211,0.338,0.9254,80,55,92,0,35000.0
APP-000505,6760.81,2191.02,3840.12,585145.96,543134.98,240,0,0,24,11393.11,2263.06,0.3241,0.9282,0.3347,0.568,1.2268,60,75,100,1,42000.0
APP-000506,16245.33,2285.69,7472.54,1582142.38,1293308.95,300,1,0,86,19816.14,4311.03,0.1407,0.8174,0.2654,0.46,0.866,100,75,92,0,938000.0
APP-000507,9891.63,630.54,5793.65,756297.48,445424.26,240,1,0,22,10837.88,1855.93,0.0637,0.589,0.1876,0.5857,0.8371,60,75,92,0,410000.0
APP-000508,6709.37,1838.46,4252.48,578982.75,347840.83,240,1,0,50,6468.73,1449.34,0.274,0.6008,0.216,0.6338,1.1238,80,55,92,0,113000.0
APP-000509,9988.26,1451.55,4928.57,643960.01,514342.63,240,1,0,59,2563.92,2143.09,0.1453,0.7987,0.2146,0.4934,0.8533,80,30,92,1,451000.0
APP-000510,3504.93,842.77,1188.05,207399.89,142253.68,180,2,0,76,5683.06,790.3,0.2405,0.6859,0.2255,0.339,0.8049,100,75,84,0,58000.0
APP-000511,7548.57,241.06,4426.87,760305.21,530681.99,240,0,0,18,6737.55,2211.17,0.0319,0.698,0.2929,0.5865,0.9113,60,55,100,1,531000.0
APP-000512,8818.33,1628.7,4360.72,651601.1,576921.78,300,0,0,8,176.37,1923.07,0.1847,0.8854,0.2181,0.4945,0.8973,35,30,100,1,437000.0
APP-000513,8224.48,2632.6,6880.1,694868.46,432674.05,240,0,0,8,1797.01,1802.81,0.3201,0.6227,0.2192,0.8365,1.3758,35,30,100,0,59000.0
APP-000514,11030.58,3362.46,5180.14,796709.2,583086.12,240,0,0,110,220.61,2429.53,0.3048,0.7319,0.2203,0.4696,0.9947,100,30,100,0,120000.0
APP-000515,9602.86,1052.76,5105.17,570820.38,481830.41,180,0,0,16,6509.48,2676.84,0.1096,0.8441,0.2788,0.5316,0.92,60,55,100,1,415000.0
APP-000516,10638.64,600.48,4962.58,746808.2,616255.13,300,4,0,126,16879.16,2054.18,0.0564,0.8252,0.1931,0.4665,0.716,100,75,68,0,406000.0
APP-000517,6297.21,1399.28,2544.98,603574.18,422049.46,120,4,0,92,3211.54,3517.08,0.2222,0.6993,0.5585,0.4041,1.1849,100,55,68,1,66000.0
APP-000518,11373.01,3395.35,4305.75,909776.16,620869.68,240,1,0,27,23063.3,2586.96,0.2985,0.6824,0.2275,0.3786,0.9046,80,75,92,0,129000.0
APP-000519,13712.6,3794.61,6404.87,537444.49,265472.85,180,0,0,11,14298.22,1474.85,0.2767,0.494,0.1076,0.4671,0.8514,35,75,100,1,181000.0
APP-000520,5395.52,800.14,2716.04,356782.1,207892.7,240,1,0,52,4799.51,866.22,0.1483,0.5827,0.1605,0.5034,0.8122,80,55,92,1,191000.0
APP-000521,5659.37,1481.03,3422.24,577716.18,439865.41,240,0,0,36,6593.67,1832.77,0.2617,0.7614,0.3238,0.6047,1.1902,80,75,100,0,120000.0
APP-000522,12774.51,5497.25,5996.56,845054.99,593292.25,240,0,0,103,30730.86,2472.05,0.4303,0.7021,0.1935,0.4694,1.0933,100,75,100,1,0.0
APP-000523,7887.7,1961.83,2728.65,296509.53,216375.02,180,0,0,59,157.75,1202.08,0.2487,0.7297,0.1524,0.3459,0.7471,80,30,100,1,144000.0
APP-000524,12992.23,0.0,4777.29,1352164.62,1156239.98,240,2,1,50,34308.97,4817.67,0.0,0.8551,0.3708,0.3677,0.7385,80,75,49,0,530000.0
APP-000525,7083.89,1759.98,1475.79,582883.83,329707.07,180,1,0,44,14267.97,1831.71,0.2484,0.5656,0.2586,0.2083,0.7154,80,75,92,1,119000.0
APP-000526,13156.15,6659.04,9022.41,904350.42,623365.63,180,2,0,76,14873.14,3463.14,0.5062,0.6893,0.2632,0.6858,1.4552,100,75,84,0,0.0
APP-000527,8920.75,354.74,2974.29,564812.95,420521.55,240,1,0,47,19757.0,1752.17,0.0398,0.7445,0.1964,0.3334,0.5696,80,75,92,0,387000.0
APP-000528,9326.33,2090.6,5360.69,834541.98,524475.59,240,3,0,140,8018.54,2185.31,0.2242,0.6285,0.2343,0.5748,1.0333,100,55,76,0,214000.0
APP-000529,13507.1,2543.56,6270.64,813725.63,737310.3,240,3,0,15,19005.98,3072.13,0.1883,0.9061,0.2274,0.4642,0.88,60,75,76,0,398000.0
APP-000530,7342.33,1713.87,3440.6,665719.3,557950.19,120,1,0,41,4865.96,4649.58,0.2334,0.8381,0.6333,0.4686,1.3353,80,55,92,1,94000.0
APP-000531,5488.41,1356.71,2202.0,437752.86,331692.93,240,0,0,70,11085.64,1382.05,0.2472,0.7577,0.2518,0.4012,0.9002,100,75,100,0,135000.0
APP-000532,7064.59,2681.69,2076.65,525636.03,501062.62,300,1,0,64,3627.46,1670.21,0.3796,0.9533,0.2364,0.294,0.91,100,55,92,1,0.0
APP-000533,9947.47,2306.52,2636.42,722377.88,379352.13,120,0,0,140,10979.71,3161.27,0.2319,0.5251,0.3178,0.265,0.8147,100,75,100,0,141000.0
APP-000534,3489.57,1391.7,2430.68,233279.83,167727.17,240,4,0,31,6145.92,698.86,0.3988,0.719,0.2003,0.6966,1.2956,80,75,68,1,0.0
APP-000535,10539.91,2145.17,4618.94,936170.57,718626.82,240,1,0,5,22063.93,2994.28,0.2035,0.7676,0.2841,0.4382,0.9259,35,75,92,1,341000.0
APP-000536,6775.93,1158.55,4065.85,368772.15,221671.83,300,0,0,88,2784.64,738.91,0.171,0.6011,0.109,0.6,0.8801,100,55,100,1,222000.0
APP-000537,12173.0,1537.63,7810.02,496723.52,377059.29,240,1,1,57,22250.11,1571.08,0.1263,0.7591,0.1291,0.6416,0.897,80,75,57,1,215000.0
APP-000538,2500.0,0.0,885.66,202649.81,116755.53,240,1,0,88,665.53,486.48,0.0,0.5761,0.1946,0.3543,0.5489,100,30,92,0,107000.0
APP-000539,5982.99,1547.26,2918.27,486789.73,394188.91,180,0,0,62,119.66,2189.94,0.2586,0.8098,0.366,0.4878,1.1124,100,30,100,1,98000.0
APP-000540,3103.3,1575.11,1325.74,244057.13,209283.51,180,0,0,7,1479.48,1162.69,0.5076,0.8575,0.3747,0.4272,1.3094,35,55,100,1,0.0
APP-000541,5856.07,1664.02,1375.27,452902.91,342124.37,300,1,0,65,11133.52,1140.41,0.2842,0.7554,0.1947,0.2348,0.7137,100,75,92,0,106000.0
APP-000542,9292.53,2937.78,3627.09,596861.8,285978.14,300,1,0,30,10584.24,953.26,0.3161,0.4791,0.1026,0.3903,0.8091,80,75,92,1,87000.0
APP-000543,7926.47,1285.48,4074.22,667208.55,396533.28,240,1,1,41,5298.86,1652.22,0.1622,0.5943,0.2084,0.514,0.8846,80,55,57,0,204000.0
APP-000544,7689.19,1428.6,2615.52,531937.93,422046.1,240,1,0,46,9226.5,1758.53,0.1858,0.7934,0.2287,0.3402,0.7546,80,75,92,0,279000.0
APP-000545,7990.61,2859.44,2940.74,489280.58,353630.39,240,0,0,22,9350.29,1473.46,0.3578,0.7228,0.1844,0.368,0.9103,60,75,100,0,0.0
APP-000546,9150.84,4586.56,3589.52,589185.74,217868.9,120,1,0,30,15645.27,1815.57,0.5012,0.3698,0.1984,0.3923,1.0919,80,75,92,0,0.0
APP-000547,5272.68,2258.36,3995.88,560863.45,494439.25,300,1,0,79,105.45,1648.13,0.4283,0.8816,0.3126,0.7578,1.4987,100,30,92,0,0.0
APP-000548,10761.92,3580.86,1361.94,417244.23,307828.33,240,0,0,79,11384.84,1282.62,0.3327,0.7378,0.1192,0.1266,0.5785,100,75,100,0,45000.0
APP-000549,10620.53,2388.78,5313.06,838981.45,514732.15,240,0,0,14,13401.51,2144.72,0.2249,0.6135,0.2019,0.5003,0.9271,60,75,100,0,319000.0
APP-000550,9732.12,2426.81,3693.01,387104.98,328785.38,180,2,1,58,194.64,1826.59,0.2494,0.8493,0.1877,0.3795,0.8165,80,30,49,1,86000.0
APP-000551,10280.91,1177.26,3264.14,699634.23,442112.72,180,1,0,84,205.62,2456.18,0.1145,0.6319,0.2389,0.3175,0.6709,100,30,92,0,401000.0
APP-000552,9448.54,163.05,3548.3,587649.01,370513.42,120,3,0,54,7764.45,3087.61,0.0173,0.6305,0.3268,0.3755,0.7196,80,55,76,0,282000.0
APP-000553,15012.23,934.49,7908.15,487439.61,373664.31,240,2,0,60,17379.24,1556.93,0.0622,0.7666,0.1037,0.5268,0.6927,80,75,84,1,314000.0
APP-000554,8221.3,1866.0,4405.99,633062.0,602380.65,240,0,0,15,9543.62,2509.92,0.227,0.9515,0.3053,0.5359,1.0682,60,75,100,0,243000.0
APP-000555,7517.33,1346.51,3381.02,474789.65,442060.65,180,3,0,101,4880.9,2455.89,0.1791,0.9311,0.3267,0.4498,0.9556,100,55,76,1,176000.0
APP-000556,6088.71,86.94,3621.8,196143.5,150395.48,240,2,0,23,3728.72,626.65,0.0143,0.7668,0.1029,0.5948,0.712,60,55,84,0,126000.0
APP-000557,5196.76,1116.13,3237.65,442307.76,345048.77,300,1,0,39,4128.0,1150.16,0.2148,0.7801,0.2213,0.623,1.0591,80,55,92,1,194000.0
APP-000558,4517.69,792.49,2487.53,432930.76,356256.5,120,1,0,85,6409.11,2968.8,0.1754,0.8229,0.6572,0.5506,1.3832,100,75,92,0,87000.0
APP-000559,5655.85,315.6,1881.19,547611.92,304796.48,240,1,0,122,12839.68,1269.99,0.0558,0.5566,0.2245,0.3326,0.613,100,75,92,0,280000.0
APP-000560,8273.82,1391.45,4129.55,632626.55,508466.81,240,2,0,42,165.48,2118.61,0.1682,0.8037,0.2561,0.4991,0.9233,80,30,84,1,303000.0
APP-000561,9569.74,1675.34,4783.65,677815.87,423343.76,180,0,0,160,16370.98,2351.91,0.1751,0.6246,0.2458,0.4999,0.9207,100,75,100,1,301000.0
APP-000562,8663.65,1158.08,2508.12,813576.24,619458.7,240,1,0,55,9096.52,2581.08,0.1337,0.7614,0.2979,0.2895,0.7211,80,75,92,1,414000.0
APP-000563,6050.29,2115.99,1021.83,606740.36,418911.27,240,1,0,52,9820.52,1745.46,0.3497,0.6904,0.2885,0.1689,0.8071,80,75,92,1,0.0
APP-000564,11380.59,0.0,1365.67,1028853.61,807811.7,180,1,0,25,25230.64,4487.84,0.0,0.7852,0.3943,0.12,0.5143,80,75,92,1,660000.0
APP-000565,10866.12,0.0,4685.22,576472.94,423911.36,180,1,1,40,5111.28,2355.06,0.0,0.7354,0.2167,0.4312,0.6479,80,55,57,1,242000.0
APP-000566,7989.13,1761.28,3736.4,588193.03,205867.56,300,0,0,58,15977.25,686.23,0.2205,0.35,0.0859,0.4677,0.774,80,75,100,1,206000.0
APP-000567,6410.67,1496.62,1480.32,499463.44,371229.16,180,1,0,70,136.94,2062.38,0.2335,0.7433,0.3217,0.2309,0.7861,100,30,92,1,124000.0
APP-000568,10254.97,2836.42,6023.41,383811.66,308384.95,240,2,1,68,12970.89,1284.94,0.2766,0.8035,0.1253,0.5874,0.9893,100,75,49,0,89000.0
APP-000569,9101.52,1315.57,4044.3,714000.16,555471.2,240,0,0,37,8480.2,2314.46,0.1445,0.778,0.2543,0.4444,0.8432,80,55,100,0,449000.0
APP-000570,3865.99,353.7,2458.43,428792.15,303011.9,240,1,0,109,4606.92,1262.55,0.0915,0.7067,0.3266,0.6359,1.054,100,75,92,1,221000.0
APP-000571,8282.46,1813.66,3969.67,675176.88,630264.8,240,0,0,53,2152.36,2626.1,0.219,0.9335,0.3171,0.4793,1.0153,80,30,100,1,260000.0
APP-000572,9338.51,1477.16,2328.9,901366.83,685470.1,240,1,0,50,14411.15,2856.13,0.1582,0.7605,0.3058,0.2494,0.7134,80,75,92,0,396000.0
APP-000573,5620.98,2457.21,2772.97,411975.24,320062.54,240,0,0,24,14488.96,1333.59,0.4371,0.7769,0.2373,0.4933,1.1677,80,75,100,0,0.0
APP-000574,9107.5,1590.24,4801.63,625521.88,535311.58,240,1,0,74,2507.56,2230.46,0.1746,0.8558,0.2449,0.5272,0.9467,100,30,92,1,353000.0
APP-000575,3844.57,817.18,1277.86,295504.59,226692.53,180,0,0,49,5077.45,1259.4,0.2126,0.7671,0.3276,0.3324,0.8725,80,75,100,0,95000.0
APP-000576,12775.8,7238.24,2418.01,706694.67,426318.99,180,2,0,42,24533.18,2368.44,0.5666,0.6033,0.1854,0.1893,0.9412,80,75,84,0,0.0
APP-000577,12493.44,2407.91,5447.73,657805.18,265106.1,240,0,0,19,11030.87,1104.61,0.1927,0.403,0.0884,0.436,0.7172,60,55,100,0,265000.0
APP-000578,7691.94,2291.14,1998.87,713762.32,469637.25,120,1,0,20,18263.4,3913.64,0.2979,0.658,0.5088,0.2599,1.0665,60,75,92,1,44000.0
APP-000579,9663.05,3000.22,5791.47,915112.1,749406.27,240,1,0,62,7375.62,3122.53,0.3105,0.8189,0.3231,0.5993,1.233,100,55,92,0,84000.0
APP-000580,2500.0,805.99,887.13,130400.22,87902.46,180,2,0,118,2613.34,488.35,0.3224,0.6741,0.1953,0.3549,0.8726,100,75,84,0,10000.0
APP-000581,4799.69,1250.45,3340.28,419607.78,345821.09,120,0,0,44,1229.49,2881.84,0.2605,0.8242,0.6004,0.6959,1.5569,80,30,100,1,52000.0
APP-000582,7559.91,1868.34,907.19,517360.15,382502.29,180,0,0,44,9555.2,2125.01,0.2471,0.7393,0.2811,0.12,0.6482,80,75,100,0,140000.0
APP-000583,5069.17,1186.42,2238.38,385848.08,342420.34,240,0,0,75,5843.34,1426.75,0.234,0.8874,0.2815,0.4416,0.9571,100,75,100,0,141000.0
APP-000584,10786.07,1503.16,6996.95,844375.91,575545.05,240,2,0,99,18576.97,2398.1,0.1394,0.6816,0.2223,0.6487,1.0104,100,75,84,0,458000.0
APP-000585,14891.35,3954.73,4133.11,1308924.38,1021994.97,240,0,0,35,8598.48,4258.31,0.2656,0.7808,0.286,0.2776,0.8291,80,55,100,0,302000.0
APP-000586,4734.83,2386.41,1868.02,338488.13,265972.14,240,2,0,24,2538.84,1108.22,0.504,0.7858,0.2341,0.3945,1.1326,80,55,84,1,0.0
APP-000587,5820.12,2266.91,2069.13,555139.74,508068.47,300,2,0,48,9115.72,1693.56,0.3895,0.9152,0.291,0.3555,1.036,80,75,84,1,0.0
APP-000588,9253.43,2429.48,2874.09,699276.8,348335.75,240,1,0,68,22277.38,1451.4,0.2625,0.4981,0.1568,0.3106,0.73,100,75,92,0,179000.0
APP-000589,13655.57,4640.38,6269.81,1109314.69,732599.1,120,0,1,8,23434.45,6104.99,0.3398,0.6604,0.4471,0.4591,1.246,35,75,65,0,11000.0
APP-000590,4588.4,451.11,976.1,252367.96,209542.91,300,1,0,38,12905.67,698.48,0.0983,0.8303,0.1522,0.2127,0.4633,80,75,92,0,186000.0
APP-000591,9296.92,1706.25,3739.64,1012023.76,932040.03,120,2,0,45,15337.83,7767.0,0.1835,0.921,0.8354,0.4022,1.4212,80,75,84,1,156000.0
APP-000592,14328.16,5053.53,7200.75,1124141.99,844465.91,240,1,0,41,23173.84,3518.61,0.3527,0.7512,0.2456,0.5026,1.1008,80,75,92,0,0.0
APP-000593,3214.37,1376.4,1239.41,266259.04,181574.94,240,0,0,18,5661.68,756.56,0.4282,0.6819,0.2354,0.3856,1.0492,60,75,100,1,0.0
APP-000594,4400.58,493.21,1144.01,180655.43,147852.99,180,1,0,38,10954.6,821.41,0.1121,0.8184,0.1867,0.26,0.5587,80,75,92,1,133000.0
APP-000595,7144.46,1088.08,4178.29,394312.43,328435.18,240,1,0,45,16173.72,1368.48,0.1523,0.8329,0.1915,0.5848,0.9287,80,75,92,0,290000.0
APP-000596,6834.12,3590.59,3668.84,630665.35,424591.65,180,2,0,27,1186.47,2358.84,0.5254,0.6732,0.3452,0.5368,1.4074,80,30,84,1,0.0
APP-000597,11100.32,2591.67,2812.93,834345.21,636555.29,120,2,0,59,20763.42,5304.63,0.2335,0.7629,0.4779,0.2534,0.9648,80,75,84,1,130000.0
APP-000598,9273.31,4407.33,1974.68,329684.43,287968.98,120,1,0,82,12878.97,2399.74,0.4753,0.8735,0.2588,0.2129,0.947,100,75,92,1,0.0
APP-000599,2820.12,702.1,754.92,250114.36,241550.37,120,0,0,83,2750.66,2012.92,0.249,0.9658,0.7138,0.2677,1.2304,100,55,100,1,34000.0
APP-000600,10149.31,2582.65,5148.18,611109.53,498994.55,120,1,0,32,202.99,4158.29,0.2545,0.8165,0.4097,0.5072,1.1714,80,30,92,1,107000.0
APP-000601,6651.88,1178.92,3087.08,634613.58,460563.23,240,2,0,67,133.04,1919.01,0.1772,0.7257,0.2885,0.4641,0.9298,100,30,84,0,232000.0
APP-000602,12578.23,4427.01,6872.91,860589.46,613574.66,240,0,0,64,10339.05,2556.56,0.352,0.713,0.2033,0.5464,1.1016,100,55,100,0,0.0
APP-000603,6491.72,2662.18,2387.76,478340.56,379066.51,240,0,0,134,129.83,1579.44,0.4101,0.7925,0.2433,0.3678,1.0212,100,30,100,0,0.0
APP-000604,6462.83,485.36,1758.16,589547.09,415608.61,240,0,0,67,5432.78,1731.7,0.0751,0.705,0.2679,0.272,0.6151,100,55,100,0,416000.0
APP-000605,10231.62,1746.1,5801.49,550922.94,410246.56,120,1,0,69,18344.35,3418.72,0.1707,0.7447,0.3341,0.567,1.0718,100,75,92,0,203000.0
APP-000606,10941.36,3808.81,3626.5,570359.75,332220.91,180,2,0,91,6861.76,1845.67,0.3481,0.5825,0.1687,0.3314,0.8482,100,55,84,0,3000.0
APP-000607,9933.92,2005.29,4468.75,660238.27,586699.24,240,0,0,21,12170.21,2444.58,0.2019,0.8886,0.2461,0.4498,0.8978,60,75,100,1,353000.0
APP-000608,3106.09,468.79,534.28,263673.1,150761.94,300,0,0,52,580.97,502.54,0.1509,0.5718,0.1618,0.172,0.4847,80,30,100,1,151000.0
APP-000609,10221.71,3693.47,3361.21,470650.57,312429.83,240,2,0,123,14503.49,1301.79,0.3613,0.6638,0.1274,0.3288,0.8175,100,75,84,1,0.0
APP-000610,5190.21,1943.65,3018.13,207480.77,152018.49,120,2,0,124,8342.34,1266.82,0.3745,0.7327,0.2441,0.5815,1.2001,100,75,84,1,0.0
APP-000611,9252.88,1453.17,2825.79,784894.14,768276.59,240,1,0,38,185.06,3201.15,0.1571,0.9788,0.346,0.3054,0.8084,80,30,92,1,394000.0
APP-000612,3944.05,984.95,2170.49,233276.31,155140.69,300,1,0,121,1866.73,517.14,0.2497,0.6651,0.1311,0.5503,0.9312,100,55,92,0,109000.0
APP-000613,9928.23,504.49,1191.39,624882.17,395811.58,240,0,1,42,198.56,1649.21,0.0508,0.6334,0.1661,0.12,0.3369,80,30,65,1,257000.0
APP-000614,5918.88,560.12,1956.18,216497.45,140375.6,180,0,0,60,9519.3,779.86,0.0946,0.6484,0.1318,0.3305,0.5569,80,75,100,0,140000.0
APP-000615,4395.57,1043.43,1725.63,253968.83,237627.62,120,2,0,15,5703.72,1980.23,0.2374,0.9357,0.4505,0.3926,1.0805,60,75,84,1,50000.0
APP-000616,10784.22,2419.95,7536.09,753426.78,267010.6,240,1,0,106,11919.37,1112.54,0.2244,0.3544,0.1032,0.6988,1.0264,100,75,92,0,246000.0
APP-000617,9273.26,784.86,2160.21,804425.86,474324.93,300,0,0,41,9593.62,1581.08,0.0846,0.5896,0.1705,0.2329,0.4881,80,75,100,0,474000.0
APP-000618,6535.27,782.69,3446.44,366745.59,359410.67,240,1,1,18,9414.4,1497.54,0.1198,0.98,0.2291,0.5274,0.8763,60,75,57,1,167000.0
APP-000619,13143.77,931.81,7743.12,1312179.2,1045563.64,180,2,1,46,19171.06,5808.69,0.0709,0.7968,0.4419,0.5891,1.1019,80,75,49,1,324000.0
APP-000620,7089.91,2011.47,2159.32,408931.9,235635.54,240,4,0,6,4991.16,981.81,0.2837,0.5762,0.1385,0.3046,0.7268,35,55,68,1,77000.0
APP-000621,8602.74,0.0,3099.02,496415.76,354714.21,240,0,0,73,4972.07,1477.98,0.0,0.7146,0.1718,0.3602,0.532,100,55,100,0,355000.0
APP-000622,9360.52,733.67,4143.53,914265.09,666288.14,240,1,0,95,10267.6,2776.2,0.0784,0.7288,0.2966,0.4427,0.8176,100,75,92,0,561000.0
APP-000623,6517.07,0.0,1192.38,481000.64,399228.74,240,2,0,25,6381.77,1663.45,0.0,0.83,0.2552,0.183,0.4382,80,55,84,1,323000.0
APP-000624,10007.64,2788.76,3474.49,601094.2,576530.64,180,0,0,24,30069.08,3202.95,0.2787,0.9591,0.3201,0.3472,0.9459,80,100,100,1,129000.0
APP-000625,6792.95,0.0,4240.01,456538.06,351767.92,180,2,0,70,5464.89,1954.27,0.0,0.7705,0.2877,0.6242,0.9119,100,55,84,1,295000.0
APP-000626,7182.76,1612.11,3617.41,677731.4,440408.52,240,0,0,75,10132.71,1835.04,0.2244,0.6498,0.2555,0.5036,0.9835,100,75,100,0,216000.0
APP-000627,12860.46,5781.2,5078.85,1239640.63,1019382.49,240,3,0,33,20182.35,4247.43,0.4495,0.8223,0.3303,0.3949,1.1747,80,75,76,1,0.0
APP-000628,5170.12,2348.69,2264.99,285896.12,179893.6,300,3,0,27,12462.44,599.65,0.4543,0.6292,0.116,0.4381,1.0084,80,75,76,1,0.0
APP-000629,2500.0,0.0,1282.36,173090.48,101373.23,240,1,1,86,1049.83,422.39,0.0,0.5857,0.169,0.5129,0.6819,100,55,57,1,58000.0
APP-000630,13655.0,3574.57,7422.66,978009.53,480409.87,180,2,0,17,32166.85,2668.94,0.2618,0.4912,0.1955,0.5436,1.0008,60,75,84,0,182000.0
APP-000631,16657.85,1358.35,5513.31,870333.95,449556.48,180,3,0,37,16946.76,2497.54,0.0815,0.5165,0.1499,0.331,0.5624,80,75,76,1,342000.0
APP-000632,7203.14,381.49,4794.09,496999.76,299920.53,240,1,1,27,24499.39,1249.67,0.053,0.6035,0.1735,0.6656,0.892,80,100,57,1,171000.0
APP-000633,2500.0,510.29,1576.54,175239.53,99341.07,180,2,0,69,3690.85,551.89,0.2041,0.5669,0.2208,0.6306,1.0555,100,75,84,0,55000.0
APP-000634,7506.45,2942.23,3966.12,679512.27,516919.09,240,2,0,28,330.01,2153.83,0.392,0.7607,0.2869,0.5284,1.2073,80,30,84,1,0.0
APP-000635,7584.09,2305.2,2162.42,695715.95,392437.89,180,1,0,92,7375.96,2180.21,0.304,0.5641,0.2875,0.2851,0.8766,100,55,92,1,58000.0
APP-000636,7892.24,946.12,2026.45,505689.45,176991.31,180,2,0,36,18567.63,983.29,0.1199,0.35,0.1246,0.2568,0.5012,80,75,84,0,149000.0
APP-000637,4937.16,1573.5,1815.61,326587.31,190822.18,240,1,0,62,6040.06,795.09,0.3187,0.5843,0.161,0.3677,0.8475,100,75,92,1,34000.0
APP-000638,10354.6,0.0,4449.6,848634.3,558959.98,120,0,0,29,11352.13,4658.0,0.0,0.6587,0.4498,0.4297,0.8796,80,75,100,1,435000.0
APP-000639,10178.42,1166.32,1394.86,605276.33,388158.6,240,1,0,55,18291.62,1617.33,0.1146,0.6413,0.1589,0.137,0.4105,80,75,92,0,357000.0
APP-000640,3717.9,389.1,1855.79,299646.26,274936.89,240,2,0,31,3121.19,1145.57,0.1047,0.9175,0.3081,0.4992,0.9119,80,55,84,1,184000.0
APP-000641,10737.43,2479.97,6721.57,734630.05,470339.15,240,2,1,23,10311.58,1959.75,0.231,0.6402,0.1825,0.626,1.0395,60,55,49,1,150000.0
APP-000642,15068.59,2887.2,7718.67,791866.95,660828.84,240,2,1,75,4517.46,2753.45,0.1916,0.8345,0.1827,0.5122,0.8866,100,30,49,1,281000.0
APP-000643,9050.27,1811.81,2822.16,477645.71,342726.21,240,0,0,28,24489.48,1428.03,0.2002,0.7175,0.1578,0.3118,0.6698,80,75,100,0,325000.0
APP-000644,7420.56,1451.01,2173.45,712722.9,509240.78,240,1,1,29,368.43,2121.84,0.1955,0.7145,0.2859,0.2929,0.7744,80,30,57,0,157000.0
APP-000645,8045.59,1795.27,3765.15,540538.23,330485.37,180,2,1,52,10479.54,1836.03,0.2231,0.6114,0.2282,0.468,0.9193,80,75,49,1,90000.0
APP-000646,10468.82,3094.78,4140.12,1041923.86,742223.06,180,2,1,58,16560.59,4123.46,0.2956,0.7124,0.3939,0.3955,1.085,80,75,49,1,50000.0
APP-000647,2961.85,713.53,1453.93,179945.91,111663.18,240,2,0,23,3369.74,465.26,0.2409,0.6205,0.1571,0.4909,0.8889,60,75,84,1,65000.0
APP-000648,9026.05,1626.41,4659.93,679135.31,503988.46,240,2,0,66,194.27,2099.95,0.1802,0.7421,0.2327,0.5163,0.9291,100,30,84,1,309000.0
APP-000649,7250.52,2002.92,4311.9,819802.58,565079.71,240,2,0,30,1820.69,2354.5,0.2762,0.6893,0.3247,0.5947,1.1957,80,30,84,1,108000.0
APP-000650,14413.04,4837.84,3442.7,734589.97,438695.93,240,1,1,19,23352.95,1827.9,0.3357,0.5972,0.1268,0.2389,0.7013,60,75,57,1,28000.0
APP-000651,7942.65,1129.1,3617.55,284659.23,241660.39,240,0,0,40,3559.17,1006.92,0.1422,0.8489,0.1268,0.4555,0.7244,80,55,100,0,228000.0
APP-000652,13837.24,2929.12,5006.92,1289058.25,999650.83,180,0,0,40,276.74,5553.62,0.2117,0.7755,0.4014,0.3618,0.9749,80,30,100,0,345000.0
APP-000653,4968.03,1901.1,2008.17,273825.06,181204.24,240,1,0,63,7443.5,755.02,0.3827,0.6618,0.152,0.4042,0.9389,100,75,92,0,0.0
APP-000654,10379.23,681.02,5794.78,722677.56,533996.64,180,0,0,136,3785.87,2966.65,0.0656,0.7389,0.2858,0.5583,0.9097,100,55,100,0,531000.0
APP-000655,9522.08,4500.69,5481.86,566120.77,401437.98,240,1,0,52,16359.86,1672.66,0.4727,0.7091,0.1757,0.5757,1.224,80,75,92,1,0.0
APP-000656,5719.05,185.97,3681.64,427938.87,259850.12,240,0,1,68,5539.13,1082.71,0.0325,0.6072,0.1893,0.6438,0.8656,100,55,65,1,169000.0
APP-000657,9067.67,1556.46,4425.88,479592.1,349701.54,240,0,0,15,8389.12,1457.09,0.1716,0.7292,0.1607,0.4881,0.8204,60,55,100,0,350000.0
APP-000658,12380.06,1076.74,4981.7,826506.18,528359.34,180,3,0,95,14819.11,2935.33,0.087,0.6393,0.2371,0.4024,0.7265,100,75,76,0,402000.0
APP-000659,7463.87,3928.31,2832.83,582903.17,348085.64,300,2,1,45,935.64,1160.29,0.5263,0.5972,0.1555,0.3795,1.0613,80,30,49,1,0.0
APP-000660,3085.72,461.41,439.53,159995.92,81444.36,240,0,0,20,1256.17,339.35,0.1495,0.509,0.11,0.1424,0.4019,60,55,100,1,81000.0
APP-000661,8443.8,1265.58,5356.39,484661.29,326361.72,240,1,0,93,7735.1,1359.84,0.1499,0.6734,0.161,0.6344,0.9453,100,55,92,1,300000.0
APP-000662,5612.25,943.39,2068.09,357764.46,283959.87,300,0,0,46,673.98,946.53,0.1681,0.7937,0.1687,0.3685,0.7052,80,30,100,0,284000.0
APP-000663,7404.51,1728.1,3709.24,327881.45,206465.07,240,2,1,84,13272.11,860.27,0.2334,0.6297,0.1162,0.5009,0.8505,100,75,49,1,101000.0
APP-000664,8238.92,1433.72,4355.42,514058.32,503777.15,240,0,0,145,7195.53,2099.07,0.174,0.98,0.2548,0.5286,0.9574,100,55,100,1,348000.0
APP-000665,3041.91,612.63,671.5,219438.54,183261.71,180,3,0,16,60.84,1018.12,0.2014,0.8351,0.3347,0.2207,0.7568,60,30,76,0,62000.0
APP-000666,3329.89,0.0,906.61,209144.34,186047.05,180,1,0,29,2154.02,1033.59,0.0,0.8896,0.3104,0.2723,0.5827,80,55,92,0,154000.0
APP-000667,10042.61,2289.74,6703.68,653927.04,538431.49,180,3,0,75,12463.71,2991.29,0.228,0.8234,0.2979,0.6675,1.1934,100,75,76,1,168000.0
APP-000668,6827.3,1519.03,3184.73,475465.27,456861.48,120,2,0,48,5110.36,3807.18,0.2225,0.9609,0.5576,0.4665,1.2466,80,55,84,1,88000.0
APP-000669,2500.0,913.5,817.77,145491.54,89868.63,240,0,0,7,3774.59,374.45,0.3654,0.6177,0.1498,0.3271,0.8423,35,75,100,1,0.0
APP-000670,11011.5,4440.59,4402.23,907778.51,351404.82,180,2,1,38,18352.13,1952.25,0.4033,0.3871,0.1773,0.3998,0.9803,80,75,49,1,0.0
APP-000671,9371.58,1815.47,5564.83,898243.82,594640.7,240,1,0,42,31034.28,2477.67,0.1937,0.662,0.2644,0.5938,1.0519,80,100,92,0,323000.0
APP-000672,6215.6,2077.7,3539.72,383136.78,303662.11,180,0,0,46,13584.69,1687.01,0.3343,0.7926,0.2714,0.5695,1.1752,80,75,100,1,18000.0
APP-000673,4286.14,281.94,794.77,337463.36,249620.7,120,0,1,28,85.72,2080.17,0.0658,0.7397,0.4853,0.1854,0.7365,80,30,65,1,95000.0
APP-000674,11174.59,3658.87,7615.32,734023.77,554783.56,300,0,0,109,9227.87,1849.28,0.3274,0.7558,0.1655,0.6815,1.1744,100,55,100,1,76000.0
APP-000675,9617.92,1345.1,5526.3,736528.66,656776.08,240,0,0,15,8752.53,2736.57,0.1399,0.8917,0.2845,0.5746,0.999,60,55,100,1,485000.0
APP-000676,16124.33,873.01,6378.85,1583151.46,1218500.2,300,1,0,60,26888.34,4061.67,0.0541,0.7697,0.2519,0.3956,0.7016,100,75,92,0,1121000.0
APP-000677,9844.6,1910.03,2257.61,779258.17,641998.61,240,0,0,33,3049.59,2674.99,0.194,0.8239,0.2717,0.2293,0.6951,80,55,100,0,369000.0
APP-000678,9740.65,4052.75,5733.75,370909.72,221750.91,120,1,0,32,6544.48,1847.92,0.4161,0.5979,0.1897,0.5886,1.1944,80,55,92,1,0.0
APP-000679,7965.83,1954.34,3952.87,622704.29,359673.26,240,1,0,100,239.21,1498.64,0.2453,0.5776,0.1881,0.4962,0.9297,100,30,92,0,184000.0
APP-000680,11113.68,4773.42,2075.51,1024587.61,952697.23,240,0,0,40,6756.68,3969.57,0.4295,0.9298,0.3572,0.1868,0.9734,80,55,100,1,0.0
APP-000681,10500.27,1209.39,4020.21,693136.32,508150.16,120,1,0,60,6736.25,4234.58,0.1152,0.7331,0.4033,0.3829,0.9013,100,55,92,0,272000.0
APP-000682,12505.52,4585.76,10629.69,1099503.16,702560.76,300,0,0,78,10858.48,2341.87,0.3667,0.639,0.1873,0.85,1.404,100,55,100,1,0.0
APP-000683,6831.77,879.23,2887.38,393358.92,251442.38,240,0,0,49,561.15,1047.68,0.1287,0.6392,0.1534,0.4226,0.7047,80,30,100,1,251000.0
APP-000684,7106.7,1787.66,2141.14,307437.77,195411.75,240,1,0,101,14453.76,814.22,0.2515,0.6356,0.1146,0.3013,0.6674,100,75,92,0,154000.0
APP-000685,6966.87,1744.06,1801.91,505384.0,317297.93,240,1,0,18,10972.77,1322.07,0.2503,0.6278,0.1898,0.2586,0.6987,60,75,92,1,153000.0
APP-000686,11030.57,3448.25,7760.4,423390.82,234215.9,240,0,0,63,220.61,975.9,0.3126,0.5532,0.0885,0.7035,1.1046,100,30,100,0,99000.0
APP-000687,13294.8,3391.55,7387.14,873257.14,458412.28,180,1,0,137,15599.79,2546.73,0.2551,0.5249,0.1916,0.5556,1.0023,100,75,92,0,209000.0
APP-000688,7031.71,819.29,4536.79,655096.37,455062.32,300,0,0,59,140.63,1516.87,0.1165,0.6946,0.2157,0.6452,0.9774,80,30,100,0,455000.0
APP-000689,7140.72,2451.0,3282.66,254383.07,163547.87,240,1,0,13,16838.04,681.45,0.3432,0.6429,0.0954,0.4597,0.8984,60,75,92,1,11000.0
APP-000690,9505.05,4395.44,5899.24,446443.11,385695.91,180,1,0,64,24738.76,2142.76,0.4624,0.8639,0.2254,0.6206,1.3085,100,75,92,0,0.0
APP-000691,7713.56,1066.54,2192.72,396657.8,300706.26,120,2,0,111,8483.66,2505.89,0.1383,0.7581,0.3249,0.2843,0.7474,100,75,84,0,165000.0
APP-000692,11546.57,0.0,5149.94,795099.73,599895.83,240,0,1,38,4417.94,2499.57,0.0,0.7545,0.2165,0.446,0.6625,80,55,65,0,390000.0
APP-000693,2500.0,724.76,1164.82,158542.74,98834.65,300,2,0,38,1380.39,329.45,0.2899,0.6234,0.1318,0.4659,0.8876,80,55,84,0,38000.0
APP-000694,5854.54,1016.55,3753.88,557261.56,392460.54,300,1,0,74,4341.92,1308.2,0.1736,0.7043,0.2235,0.6412,1.0383,100,55,92,1,285000.0
APP-000695,5996.27,1209.12,2824.33,522744.25,400908.32,240,1,0,66,6319.2,1670.45,0.2016,0.7669,0.2786,0.471,0.9512,100,75,92,0,196000.0
APP-000696,2500.0,744.66,799.8,197287.28,160415.36,300,1,0,50,5958.56,534.72,0.2979,0.8131,0.2139,0.3199,0.8317,80,75,92,0,36000.0
APP-000697,5416.36,845.52,2330.4,393343.13,278405.93,240,1,1,30,10887.1,1160.02,0.1561,0.7078,0.2142,0.4303,0.8005,80,75,57,1,144000.0
APP-000698,5571.5,1016.02,845.61,429440.87,369442.01,180,4,0,35,11276.18,2052.46,0.1824,0.8603,0.3684,0.1518,0.7025,80,75,68,0,114000.0
APP-000699,7856.47,1618.3,942.78,428054.14,308643.56,240,1,0,24,10241.06,1286.01,0.206,0.721,0.1637,0.12,0.4897,60,75,92,1,250000.0
APP-000700,12061.49,5135.37,6670.18,1030410.59,848100.17,120,2,0,11,1347.86,7067.5,0.4258,0.8231,0.586,0.553,1.5647,35,30,84,1,0.0
APP-000701,7715.81,1729.96,2778.01,385660.7,253116.52,180,2,0,95,3525.73,1406.2,0.2242,0.6563,0.1822,0.36,0.7665,100,55,84,0,147000.0
APP-000702,5201.4,244.5,1967.03,442310.01,214238.83,240,2,0,76,6265.86,892.66,0.047,0.4844,0.1716,0.3782,0.5968,100,75,84,0,180000.0
APP-000703,8317.75,437.32,4599.31,759830.75,573586.1,180,3,1,72,574.01,3186.59,0.0526,0.7549,0.3831,0.553,0.9886,100,30,41,1,183000.0
APP-000704,11857.36,2839.74,7630.47,875020.23,712522.08,300,2,0,71,16879.95,2375.07,0.2395,0.8143,0.2003,0.6435,1.0833,100,75,84,0,330000.0
APP-000705,5376.93,332.72,2718.14,359330.48,285594.13,300,3,0,42,10079.66,951.98,0.0619,0.7948,0.177,0.5055,0.7444,80,75,76,1,217000.0
APP-000706,5586.16,7.14,4069.47,431282.74,334194.21,180,2,0,39,9165.83,1856.63,0.0013,0.7749,0.3324,0.7285,1.0621,80,75,84,1,281000.0
APP-000707,10287.36,3178.54,5148.1,190240.69,128352.29,240,1,0,20,16507.82,534.8,0.309,0.6747,0.052,0.5004,0.8614,60,75,92,1,93000.0
APP-000708,7791.08,2460.66,3648.99,587764.46,361547.43,240,0,0,80,155.82,1506.45,0.3158,0.6151,0.1934,0.4684,0.9775,100,30,100,1,64000.0
APP-000709,10571.95,1780.96,4846.84,718465.86,568827.15,120,3,0,184,24844.3,4740.23,0.1685,0.7917,0.4484,0.4585,1.0753,100,75,76,0,175000.0
APP-000710,8456.33,2208.05,1812.37,584236.81,453039.52,180,1,0,62,169.13,2516.89,0.2611,0.7754,0.2976,0.2143,0.7731,100,30,92,1,124000.0
APP-000711,10745.32,2646.97,6156.64,888827.23,575145.09,180,1,0,87,10879.92,3195.25,0.2463,0.6471,0.2974,0.573,1.1167,100,75,92,1,184000.0
APP-000712,5187.75,1578.83,622.53,356160.62,307802.96,180,1,0,87,8853.88,1710.02,0.3043,0.8642,0.3296,0.12,0.754,100,75,92,1,39000.0
APP-000713,8461.33,2577.87,2760.08,418635.06,253369.44,180,2,1,115,12461.32,1407.61,0.3047,0.6052,0.1664,0.3262,0.7972,100,75,49,1,34000.0
APP-000714,7825.79,0.0,3315.54,527886.85,340034.07,120,1,0,27,156.52,2833.62,0.0,0.6441,0.3621,0.4237,0.7858,80,30,92,1,302000.0
APP-000715,4609.15,858.82,1353.42,328245.15,306165.83,180,2,0,15,744.41,1700.92,0.1863,0.9327,0.369,0.2936,0.849,60,30,84,1,114000.0
APP-000716,3496.87,1022.86,1215.93,252015.3,209907.49,300,2,0,55,4924.87,699.69,0.2925,0.8329,0.2001,0.3477,0.8403,80,75,84,0,51000.0
APP-000717,10694.4,1738.23,7639.01,779777.12,525147.76,120,2,1,45,17215.42,4376.23,0.1625,0.6735,0.4092,0.7143,1.286,80,75,49,1,118000.0
APP-000718,7376.95,1660.32,4401.41,654399.43,495615.62,180,1,0,175,1132.48,2753.42,0.2251,0.7574,0.3732,0.5966,1.195,100,30,92,1,153000.0
APP-000719,5228.7,1699.84,1622.3,263795.28,195240.95,240,2,1,24,7860.48,813.5,0.3251,0.7401,0.1556,0.3103,0.7909,80,75,49,1,15000.0
APP-000720,8192.23,1895.1,2825.25,599364.72,217611.47,180,3,1,136,163.84,1208.95,0.2313,0.3631,0.1476,0.3449,0.7238,100,30,41,0,72000.0
APP-000721,12109.66,5220.58,2611.8,1128847.21,679744.82,240,0,0,45,20731.14,2832.27,0.4311,0.6022,0.2339,0.2157,0.8807,80,75,100,0,0.0
APP-000722,2500.0,944.45,1332.0,120000.0,85606.79,120,1,0,22,886.36,713.39,0.3778,0.7134,0.2854,0.5328,1.1959,60,55,92,1,0.0
APP-000723,3710.76,754.77,1410.24,271752.18,183063.28,240,1,0,122,4536.26,762.76,0.2034,0.6736,0.2056,0.38,0.789,100,75,92,0,120000.0
APP-000724,5546.76,1066.5,665.61,329828.23,248071.51,240,1,0,27,5942.48,1033.63,0.1923,0.7521,0.1863,0.12,0.4986,80,75,92,0,193000.0
APP-000725,13175.77,0.0,5746.29,834384.94,723272.15,240,1,0,87,28915.44,3013.63,0.0,0.8668,0.2287,0.4361,0.6649,100,75,92,0,614000.0
APP-000726,9404.28,1639.07,4610.32,505136.38,342583.67,240,1,1,56,12864.27,1427.43,0.1743,0.6782,0.1518,0.4902,0.8163,80,75,57,1,195000.0
APP-000727,10955.42,334.6,6289.53,733444.09,427234.76,240,1,0,136,6691.66,1780.14,0.0305,0.5825,0.1625,0.5741,0.7671,100,55,92,0,393000.0
APP-000728,4851.49,1217.59,1980.68,500394.79,381416.28,180,1,0,98,7149.31,2118.98,0.251,0.7622,0.4368,0.4083,1.096,100,75,92,1,80000.0
APP-000729,4917.49,1187.09,1772.13,232303.25,157394.5,180,2,0,44,15136.86,874.41,0.2414,0.6775,0.1778,0.3604,0.7796,80,100,84,0,81000.0
APP-000730,9933.0,3152.93,7328.59,486190.94,340193.51,240,0,0,122,18039.43,1417.47,0.3174,0.6997,0.1427,0.7378,1.1979,100,75,100,1,78000.0
APP-000731,8686.48,3609.53,3657.47,404487.39,275888.47,120,1,0,67,9526.89,2299.07,0.4155,0.6821,0.2647,0.4211,1.1013,100,75,92,1,0.0
APP-000732,10255.96,2218.59,5488.27,1036811.62,1016075.39,180,1,1,51,4099.8,5644.86,0.2163,0.98,0.5504,0.5351,1.3019,80,55,57,1,141000.0
APP-000733,7899.45,4259.85,2635.84,487221.55,208875.99,240,3,0,55,4701.42,870.32,0.5393,0.4287,0.1102,0.3337,0.9831,80,55,76,1,0.0
APP-000734,9390.06,2371.4,4980.35,652970.65,437174.69,120,3,1,89,16545.23,3643.12,0.2525,0.6695,0.388,0.5304,1.1709,100,75,41,1,45000.0
APP-000735,9005.98,329.35,1685.01,565124.48,406618.6,120,3,1,43,3177.11,3388.49,0.0366,0.7195,0.3762,0.1871,0.5999,80,55,41,1,139000.0
APP-000736,10988.86,1552.83,3802.9,582413.61,360194.56,240,1,0,35,12663.78,1500.81,0.1413,0.6185,0.1366,0.3461,0.624,80,75,92,0,331000.0
APP-000737,11082.43,1859.8,2512.12,728861.14,610040.27,180,1,0,30,27083.87,3389.11,0.1678,0.837,0.3058,0.2267,0.7003,80,75,92,0,334000.0
APP-000738,3316.41,1004.53,1071.88,378894.44,312862.04,240,1,0,62,4262.76,1303.59,0.3029,0.8257,0.3931,0.3232,1.0192,100,75,92,1,34000.0
APP-000739,2500.0,218.46,1550.19,237643.19,169627.79,300,0,0,32,446.95,565.43,0.0874,0.7138,0.2262,0.6201,0.9336,80,30,100,1,170000.0
APP-000740,11705.59,2086.91,3769.52,639676.51,438058.42,300,0,0,90,36405.11,1460.19,0.1783,0.6848,0.1247,0.322,0.6251,100,100,100,0,438000.0
APP-000741,12300.72,2428.83,6579.91,1004431.72,708571.95,240,0,0,42,33657.27,2952.38,0.1975,0.7054,0.24,0.5349,0.9724,80,75,100,1,450000.0
APP-000742,5234.01,823.12,3468.9,288040.93,203465.7,180,2,0,70,8379.95,1130.36,0.1573,0.7064,0.216,0.6628,1.036,100,75,84,0,153000.0
APP-000743,2548.53,850.18,1059.14,120000.0,85177.38,240,2,0,101,5856.97,354.91,0.3336,0.7098,0.1393,0.4156,0.8884,100,75,84,0,8000.0
APP-000744,8816.91,2731.35,5105.02,778984.67,541830.67,240,1,0,117,8020.91,2257.63,0.3098,0.6956,0.2561,0.579,1.1448,100,55,92,1,78000.0
APP-000745,11478.68,4400.0,5796.43,1043201.83,785341.55,240,0,1,58,20684.69,3272.26,0.3833,0.7528,0.2851,0.505,1.1734,80,75,65,1,0.0
APP-000746,14252.3,2475.0,6251.49,1266016.93,1035497.49,180,2,0,10,10957.37,5752.76,0.1737,0.8179,0.4036,0.4386,1.0159,35,55,84,1,380000.0
APP-000747,10152.15,3942.63,5482.67,624788.07,349922.67,120,1,0,11,203.04,2916.02,0.3884,0.5601,0.2872,0.5401,1.2156,35,30,92,1,0.0
APP-000748,7310.51,212.3,5222.55,489789.59,285749.95,180,1,1,88,25460.52,1587.5,0.029,0.5834,0.2172,0.7144,0.9606,100,100,57,1,163000.0
APP-000749,5641.98,144.58,1794.36,471081.69,232098.49,180,1,0,26,112.84,1289.44,0.0256,0.4927,0.2285,0.318,0.5722,80,30,92,0,214000.0
APP-000750,8536.64,427.41,2275.25,657722.21,547640.34,120,1,0,41,12103.27,4563.67,0.0501,0.8326,0.5346,0.2665,0.8512,80,75,92,0,283000.0
APP-000751,7542.35,1669.04,1939.39,474523.56,357098.92,300,0,0,96,10614.27,1190.33,0.2213,0.7525,0.1578,0.2571,0.6362,100,75,100,0,291000.0
APP-000752,5251.78,2039.44,3041.35,214570.55,168584.81,120,1,0,36,8478.5,1404.87,0.3883,0.7857,0.2675,0.5791,1.2349,80,75,92,1,0.0
APP-000753,15056.02,2043.1,9044.13,1084782.39,579453.03,240,2,0,20,16099.16,2414.39,0.1357,0.5342,0.1604,0.6007,0.8968,60,75,84,0,487000.0
APP-000754,14212.54,2178.26,4748.04,1270916.12,1209967.12,300,2,0,42,15330.71,4033.22,0.1533,0.952,0.2838,0.3341,0.7711,80,75,84,1,705000.0
APP-000755,12135.36,2302.77,1456.24,587878.03,376741.27,180,2,0,78,15467.37,2093.01,0.1898,0.6408,0.1725,0.12,0.4822,100,75,84,0,294000.0
APP-000756,5553.28,1667.07,1732.84,452579.27,335753.52,240,0,0,35,8784.63,1398.97,0.3002,0.7419,0.2519,0.312,0.8642,80,75,100,0,66000.0
APP-000757,11236.06,1720.61,5704.06,853578.34,709383.36,240,0,0,72,12903.1,2955.76,0.1531,0.8311,0.2631,0.5077,0.9238,100,75,100,0,531000.0
APP-000758,10546.8,1532.68,4317.06,880686.32,521095.61,180,2,0,21,11479.93,2894.98,0.1453,0.5917,0.2745,0.4093,0.8291,60,75,84,1,326000.0
APP-000759,9916.15,313.79,4450.92,849769.67,551481.68,240,2,0,29,198.32,2297.84,0.0316,0.649,0.2317,0.4489,0.7122,80,30,84,0,463000.0
APP-000760,12498.93,1749.34,4202.95,718683.73,534192.1,240,3,0,42,37025.75,2225.8,0.14,0.7433,0.1781,0.3363,0.6543,80,75,76,1,406000.0
APP-000761,10533.19,4053.64,6132.99,430751.87,422136.84,240,0,0,104,17191.52,1758.9,0.3848,0.98,0.167,0.5823,1.1341,100,75,100,1,0.0
APP-000762,10868.05,2529.32,5161.35,656393.53,498298.66,240,0,1,38,14541.62,2076.24,0.2327,0.7591,0.191,0.4749,0.8987,80,75,65,1,199000.0
APP-000763,10538.1,1226.85,5414.84,906321.84,841816.15,300,1,0,35,6196.19,2806.05,0.1164,0.9288,0.2663,0.5138,0.8965,80,55,92,1,667000.0
APP-000764,9590.53,3769.66,4272.11,577771.37,506553.83,180,1,0,35,2366.44,2814.19,0.3931,0.8767,0.2934,0.4455,1.1319,80,30,92,0,0.0
APP-000765,2792.44,385.55,1407.11,160585.71,123304.34,240,1,0,72,5372.63,513.77,0.1381,0.7678,0.184,0.5039,0.826,100,75,92,0,113000.0
APP-000766,8767.59,3671.81,4325.68,326291.85,192970.48,240,1,0,83,8821.28,804.04,0.4188,0.5914,0.0917,0.4934,1.0039,100,75,92,0,0.0
APP-000767,6720.19,2798.99,1824.58,682419.11,585357.25,240,3,0,101,11484.52,2438.99,0.4165,0.8578,0.3629,0.2715,1.0509,100,75,76,1,0.0
APP-000768,4404.51,1003.53,2112.8,373779.16,196325.88,240,4,0,148,88.09,818.02,0.2278,0.5252,0.1857,0.4797,0.8933,100,30,68,1,88000.0
APP-000769,13881.81,141.64,7588.37,1164102.86,1080419.89,240,1,0,62,35289.92,4501.75,0.0102,0.9281,0.3243,0.5466,0.8811,100,75,92,1,857000.0
APP-000770,14032.79,7585.14,8487.35,1226732.84,915143.54,300,1,0,32,27521.66,3050.48,0.5405,0.746,0.2174,0.6048,1.3627,80,75,92,1,0.0
APP-000771,12849.51,3523.57,6252.28,1032852.93,387806.26,180,1,0,46,13839.48,2154.48,0.2742,0.3755,0.1677,0.4866,0.9285,80,75,92,0,161000.0
APP-000772,9316.68,1627.21,2474.14,611193.78,413004.55,240,2,0,27,14635.23,1720.85,0.1747,0.6757,0.1847,0.2656,0.6249,80,75,84,0,329000.0
APP-000773,12822.0,4537.17,3720.81,859743.93,692105.22,180,0,0,55,23296.34,3845.03,0.3539,0.805,0.2999,0.2902,0.9439,80,75,100,1,0.0
APP-000774,8538.57,2718.02,2991.71,531985.72,366637.59,240,2,0,30,170.77,1527.66,0.3183,0.6892,0.1789,0.3504,0.8476,80,30,84,0,55000.0
APP-000775,9148.95,3691.89,4119.9,1074318.66,873368.16,240,1,0,101,24336.61,3639.03,0.4035,0.813,0.3978,0.4503,1.2516,100,75,92,1,0.0
APP-000776,5000.89,636.47,2002.57,400103.42,243861.78,240,1,0,59,7926.09,1016.09,0.1273,0.6095,0.2032,0.4004,0.7309,80,75,92,0,224000.0
APP-000777,9770.37,2585.11,2346.87,602359.0,331431.35,240,1,0,119,5044.52,1380.96,0.2646,0.5502,0.1413,0.2402,0.6461,100,55,92,1,184000.0
APP-000778,8693.23,469.24,2079.81,681366.56,484255.46,240,2,0,81,1417.58,2017.73,0.054,0.7107,0.2321,0.2392,0.5253,100,30,84,0,407000.0
APP-000779,4331.51,1357.01,519.78,224391.27,162482.51,180,1,0,77,8829.3,902.68,0.3133,0.7241,0.2084,0.12,0.6417,100,75,92,1,26000.0
APP-000780,8336.17,1807.18,1000.34,809284.65,546032.48,180,3,0,20,11170.83,3033.51,0.2168,0.6747,0.3639,0.12,0.7007,60,75,76,1,152000.0
APP-000781,8244.87,2138.23,3289.0,479032.91,421332.37,180,3,1,72,13062.68,2340.74,0.2593,0.8795,0.2839,0.3989,0.9422,100,75,41,1,55000.0
APP-000782,14252.2,2843.47,11276.86,1126201.92,686389.71,300,1,0,146,16732.05,2287.97,0.1995,0.6095,0.1605,0.7912,1.1513,100,75,92,1,592000.0
APP-000783,11361.48,2100.3,8038.08,1013303.34,770831.53,180,2,0,39,2812.32,4282.4,0.1849,0.7607,0.3769,0.7075,1.2693,80,30,84,1,284000.0
APP-000784,8536.63,840.41,2249.26,656687.03,478617.21,300,1,0,92,13724.81,1595.39,0.0984,0.7288,0.1869,0.2635,0.5488,100,75,92,0,440000.0
APP-000785,9296.12,3073.86,4127.33,666536.04,345017.0,180,2,0,16,9037.86,1916.76,0.3307,0.5176,0.2062,0.444,0.9808,60,55,84,1,27000.0
APP-000786,8641.48,3703.38,1604.44,606583.8,332727.03,240,1,0,24,9769.0,1386.36,0.4286,0.5485,0.1604,0.1857,0.7747,80,75,92,0,0.0
APP-000787,7850.68,1115.32,1649.13,541571.45,390770.03,240,2,0,48,25823.25,1628.21,0.1421,0.7215,0.2074,0.2101,0.5595,80,100,84,0,328000.0
APP-000788,5036.23,1498.26,1150.3,300257.32,293518.35,240,1,0,35,9730.82,1222.99,0.2975,0.9776,0.2428,0.2284,0.7687,80,75,92,1,58000.0
APP-000789,8016.63,2248.71,3077.75,496304.18,394713.24,240,0,1,30,15905.71,1644.64,0.2805,0.7953,0.2052,0.3839,0.8696,80,75,65,1,87000.0
APP-000790,6112.49,1351.68,2388.8,590665.54,292773.69,240,2,0,35,21995.6,1219.89,0.2211,0.4957,0.1996,0.3908,0.8115,80,100,84,0,159000.0
APP-000791,4498.99,28.24,2071.48,306139.82,107148.94,300,4,0,67,6731.01,357.16,0.0063,0.35,0.0794,0.4604,0.5461,100,75,68,0,73000.0
APP-000792,10135.91,382.9,5332.65,566148.0,461578.75,240,3,1,92,12748.31,1923.24,0.0378,0.8153,0.1897,0.5261,0.7536,100,75,41,1,186000.0
APP-000793,9752.05,1079.19,3570.22,592014.03,418845.34,120,1,0,71,5253.56,3490.38,0.1107,0.7075,0.3579,0.3661,0.8347,100,55,92,0,258000.0
APP-000794,2782.54,0.0,1184.78,249890.3,216995.88,180,0,0,73,2066.6,1205.53,0.0,0.8684,0.4332,0.4258,0.859,100,55,100,0,175000.0
APP-000795,8107.41,3381.8,1986.23,666112.19,403335.37,240,1,0,49,162.15,1680.56,0.4171,0.6055,0.2073,0.245,0.8694,80,30,92,1,0.0
APP-000796,11686.24,3172.56,2394.28,935903.7,716460.13,240,4,0,24,21752.55,2985.25,0.2715,0.7655,0.2554,0.2049,0.7318,60,75,68,0,150000.0
APP-000797,11889.52,2565.82,2142.07,777153.67,645039.53,240,1,0,47,237.79,2687.66,0.2158,0.83,0.2261,0.1802,0.622,80,30,92,0,352000.0
APP-000798,11782.68,0.0,6172.71,946390.87,626349.61,240,2,0,56,23123.06,2609.79,0.0,0.6618,0.2215,0.5239,0.7454,80,75,84,0,526000.0
APP-000799,8624.52,0.0,3156.01,503809.23,334836.08,180,0,1,95,9584.23,1860.2,0.0,0.6646,0.2157,0.3659,0.5816,100,75,65,0,218000.0
APP-000800,5795.85,1273.19,699.1,378625.51,273853.84,240,1,0,130,7333.22,1141.06,0.2197,0.7233,0.1969,0.1206,0.5372,100,75,92,0,167000.0
APP-000801,5032.16,2495.29,2062.71,440095.33,347916.45,240,1,0,64,5595.11,1449.65,0.4959,0.7905,0.2881,0.4099,1.1939,100,75,92,1,0.0
APP-000802,9602.74,1173.36,2114.41,823309.73,591248.84,240,4,0,89,23022.24,2463.54,0.1222,0.7181,0.2565,0.2202,0.5989,100,75,68,1,357000.0
APP-000803,9713.7,3311.71,6660.3,508275.2,430315.71,240,3,0,9,21744.09,1792.98,0.3409,0.8466,0.1846,0.6857,1.2112,35,75,76,1,16000.0
APP-000804,12619.46,1928.43,4131.47,689029.1,454723.67,300,0,0,42,14184.24,1515.75,0.1528,0.6599,0.1201,0.3274,0.6003,80,75,100,0,455000.0
APP-000805,12019.93,2737.34,6359.04,864914.11,473374.95,240,2,0,49,4097.55,1972.4,0.2277,0.5473,0.1641,0.529,0.9209,80,55,84,0,296000.0
APP-000806,8076.87,3150.43,4799.55,816332.17,797562.08,300,1,0,70,16004.32,2658.54,0.3901,0.977,0.3292,0.5942,1.3134,100,75,92,1,0.0
APP-000807,4518.54,775.23,1207.41,160497.8,102942.91,120,1,1,132,1233.03,857.86,0.1716,0.6414,0.1899,0.2672,0.6286,100,30,57,0,55000.0
APP-000808,7478.86,922.78,3232.12,560989.15,362456.51,240,1,0,62,149.58,1510.24,0.1234,0.6461,0.2019,0.4322,0.7575,100,30,92,0,333000.0
APP-000809,9195.14,3848.44,4676.23,415907.39,295895.47,240,0,0,14,14698.57,1232.9,0.4185,0.7114,0.1341,0.5086,1.0612,60,75,100,1,0.0
APP-000810,7853.33,1777.82,3443.59,460064.32,335264.3,240,1,0,74,17643.62,1396.93,0.2264,0.7287,0.1779,0.4385,0.8427,100,75,92,0,214000.0
APP-000811,6650.74,2479.19,3177.56,421924.79,282576.17,180,1,0,40,5223.65,1569.87,0.3728,0.6697,0.236,0.4778,1.0866,80,55,92,1,0.0
APP-000812,9309.23,1154.95,1929.42,581183.23,417134.73,240,2,0,70,14094.79,1738.06,0.1241,0.7177,0.1867,0.2073,0.518,100,75,84,0,350000.0
APP-000813,6887.34,2871.57,3503.21,415937.7,297325.12,180,0,0,77,5343.84,1651.81,0.4169,0.7148,0.2398,0.5086,1.1654,100,55,100,0,0.0
APP-000814,6490.19,1676.47,2221.03,455155.15,338055.8,300,6,0,14,11681.0,1126.85,0.2583,0.7427,0.1736,0.3422,0.7741,60,75,52,1,93000.0
APP-000815,9496.65,2667.33,4519.57,573269.02,237062.01,180,3,0,48,20280.35,1317.01,0.2809,0.4135,0.1387,0.4759,0.8955,80,75,76,0,90000.0
APP-000816,7213.62,1719.93,4091.55,315060.55,303880.29,180,1,0,49,6589.08,1688.22,0.2384,0.9645,0.234,0.5672,1.0397,80,55,92,1,133000.0
APP-000817,9281.13,1385.06,4891.24,779964.72,546640.24,240,2,0,61,2089.71,2277.67,0.1492,0.7009,0.2454,0.527,0.9217,100,30,84,0,376000.0
APP-000818,9374.25,2060.13,4460.22,783234.75,623048.32,180,0,0,31,187.49,3461.38,0.2198,0.7955,0.3692,0.4758,1.0648,80,30,100,1,220000.0
APP-000819,4853.83,767.09,2537.29,413435.11,223605.07,120,1,0,26,9625.72,1863.38,0.158,0.5408,0.3839,0.5227,1.0647,80,75,92,1,103000.0
APP-000820,6960.03,2466.19,3689.83,294177.98,193795.62,240,1,0,131,884.55,807.48,0.3543,0.6588,0.116,0.5301,1.0005,100,30,92,0,0.0
APP-000821,13100.89,2509.76,8637.15,987551.7,624724.16,240,2,1,58,19452.48,2603.02,0.1916,0.6326,0.1987,0.6593,1.0495,80,75,49,1,244000.0
APP-000822,4781.35,50.15,1982.12,392871.78,357931.37,180,1,0,28,8843.89,1988.51,0.0105,0.9111,0.4159,0.4146,0.8409,80,75,92,1,269000.0
APP-000823,2500.0,0.0,1115.58,128595.91,82795.73,240,1,0,36,1747.07,344.98,0.0,0.6438,0.138,0.4462,0.5842,80,55,92,1,76000.0
APP-000824,2542.1,0.0,1446.78,178366.43,146001.91,240,1,0,134,2543.14,608.34,0.0,0.8186,0.2393,0.5691,0.8084,100,75,92,1,131000.0
APP-000825,8593.15,2633.94,2934.89,583536.88,370805.79,240,2,0,105,17608.56,1545.02,0.3065,0.6354,0.1798,0.3415,0.8279,100,75,84,1,75000.0
APP-000826,8598.94,505.53,1774.45,887055.09,586484.93,180,1,0,33,3634.13,3258.25,0.0588,0.6612,0.3789,0.2064,0.6441,80,55,92,0,415000.0
APP-000827,8123.65,2128.49,4053.02,850065.78,584911.97,180,3,0,24,2691.04,3249.51,0.262,0.6881,0.4,0.4989,1.1609,80,55,76,1,98000.0
APP-000828,12385.41,2961.6,4793.6,495931.34,439841.44,300,1,0,25,11630.49,1466.14,0.2391,0.8869,0.1184,0.387,0.7445,80,55,92,0,365000.0
APP-000829,2500.0,527.35,566.99,287226.72,136237.13,240,3,0,99,5750.3,567.65,0.2109,0.4743,0.2271,0.2268,0.6648,100,75,76,0,63000.0
APP-000830,9766.99,2748.2,4884.34,522787.21,286991.22,120,1,0,38,25390.83,2391.59,0.2814,0.549,0.2449,0.5001,1.0263,80,75,92,0,74000.0
APP-000831,13496.6,3268.37,8759.04,1183005.79,552286.64,240,3,0,17,14321.18,2301.19,0.2422,0.4669,0.1705,0.649,1.0616,60,75,76,0,265000.0
APP-000832,4891.1,0.0,778.86,427819.58,247546.99,180,1,0,36,2490.01,1375.26,0.0,0.5786,0.2812,0.1592,0.4404,80,55,92,0,228000.0
APP-000833,7284.62,1272.57,4251.1,379365.31,233116.94,240,0,1,61,15353.81,971.32,0.1747,0.6145,0.1333,0.5836,0.8916,100,75,65,1,152000.0
APP-000834,6090.75,1702.45,730.89,480430.85,245076.15,240,0,0,47,121.81,1021.15,0.2795,0.5101,0.1677,0.12,0.5672,80,30,100,1,103000.0
APP-000835,5638.09,2535.11,2006.9,383753.35,239677.3,300,0,0,106,7740.25,798.92,0.4496,0.6246,0.1417,0.356,0.9473,100,75,100,0,0.0
APP-000836,7455.96,3400.69,5327.15,596312.45,273163.05,300,0,0,61,8279.68,910.54,0.4561,0.4581,0.1221,0.7145,1.2927,100,75,100,1,0.0
APP-000837,13067.95,381.05,4802.06,969016.17,569453.46,180,1,0,67,30245.06,3163.63,0.0292,0.5877,0.2421,0.3675,0.6387,100,75,92,0,524000.0
APP-000838,14379.64,2459.47,6246.37,1316227.32,1153087.07,240,1,1,86,34590.46,4804.53,0.171,0.8761,0.3341,0.4344,0.9395,100,75,57,0,352000.0
APP-000839,7424.99,5.52,4024.78,529826.76,409273.39,180,4,0,83,2240.3,2273.74,0.0007,0.7725,0.3062,0.5421,0.849,100,55,68,1,278000.0
APP-000840,14596.19,6317.0,2121.76,977627.69,727717.5,240,2,0,36,18988.34,3032.16,0.4328,0.7444,0.2077,0.1454,0.7859,80,75,84,1,0.0
APP-000841,8613.84,3116.49,3717.18,772913.02,455739.5,240,1,0,24,5482.33,1898.91,0.3618,0.5896,0.2204,0.4315,1.0138,80,55,92,0,0.0
APP-000842,14111.81,3797.24,6071.95,1135254.68,590683.18,120,0,0,58,12503.14,4922.36,0.2691,0.5203,0.3488,0.4303,1.0482,80,55,100,0,137000.0
APP-000843,8201.44,1995.03,5888.4,682135.79,390120.08,120,1,0,54,13988.79,3251.0,0.2433,0.5719,0.3964,0.718,1.3576,80,75,92,1,97000.0
APP-000844,8919.39,3686.28,1982.61,517658.27,369806.13,120,1,0,62,7568.95,3081.72,0.4133,0.7144,0.3455,0.2223,0.9811,100,55,92,1,0.0
APP-000845,9669.52,3767.1,3470.91,494936.9,412214.63,120,0,0,65,12807.6,3435.12,0.3896,0.8329,0.3553,0.359,1.1038,100,75,100,0,0.0
APP-000846,18672.33,7135.19,5068.85,1116250.69,934645.37,180,1,0,125,37560.23,5192.47,0.3821,0.8373,0.2781,0.2715,0.9317,100,75,92,1,0.0
APP-000847,11224.11,3186.92,2856.47,660260.91,529515.79,300,1,0,43,28213.44,1765.05,0.2839,0.802,0.1573,0.2545,0.6957,80,75,92,1,205000.0
APP-000848,6236.75,1067.16,3744.45,524832.7,327557.33,240,0,0,66,8792.65,1364.82,0.1711,0.6241,0.2188,0.6004,0.9903,100,75,100,1,268000.0
APP-000849,11600.79,3798.07,4921.8,1015854.93,734657.63,240,0,0,24,14570.47,3061.07,0.3274,0.7232,0.2639,0.4243,1.0155,80,75,100,1,63000.0
APP-000850,7342.14,2454.08,2431.05,493447.73,334668.82,240,1,0,30,1126.57,1394.45,0.3342,0.6782,0.1899,0.3311,0.8553,80,30,92,1,26000.0
APP-000851,6932.8,1340.18,2337.36,663860.9,460616.79,240,1,0,52,17867.34,1919.24,0.1933,0.6938,0.2768,0.3371,0.8073,80,75,92,1,240000.0
APP-000852,11407.52,1948.69,3763.16,1079521.97,1057931.53,180,2,0,27,18207.9,5877.4,0.1708,0.98,0.5152,0.3299,1.0159,80,75,84,1,309000.0
APP-000853,8599.47,3256.31,2959.87,639639.02,314024.36,300,2,0,75,10943.71,1046.75,0.3787,0.4909,0.1217,0.3442,0.8446,100,75,84,1,0.0
APP-000854,9391.44,4254.1,2044.41,518463.51,357476.45,240,2,0,68,11519.02,1489.49,0.453,0.6895,0.1586,0.2177,0.8293,100,75,84,0,0.0
APP-000855,8544.75,983.37,3235.07,840434.36,737504.14,240,0,0,33,12599.99,3072.93,0.1151,0.8775,0.3596,0.3786,0.8533,80,75,100,1,482000.0
APP-000856,9577.07,1753.82,3471.94,659876.01,349360.87,300,3,1,45,17665.97,1164.54,0.1831,0.5294,0.1216,0.3625,0.6673,80,75,41,0,143000.0
APP-000857,9859.89,2653.6,2945.67,712583.91,453426.29,240,1,0,100,19285.9,1889.28,0.2691,0.6363,0.1916,0.2988,0.7595,100,75,92,1,176000.0
APP-000858,2500.0,720.31,1112.02,159717.77,104012.21,240,1,0,58,6499.3,433.38,0.2881,0.6512,0.1734,0.4448,0.9063,80,75,92,0,34000.0
APP-000859,10633.03,1561.66,4873.99,574011.23,396625.88,300,2,0,167,14550.45,1322.09,0.1469,0.691,0.1243,0.4584,0.7296,100,75,84,0,333000.0
APP-000860,5357.54,2591.4,1773.0,233398.41,119622.65,240,0,0,45,14619.55,498.43,0.4837,0.5125,0.093,0.3309,0.9077,80,75,100,1,0.0
APP-000861,3884.64,1084.18,1541.96,316177.41,252115.81,240,1,0,48,8165.33,1050.48,0.2791,0.7974,0.2704,0.3969,0.9465,80,75,92,1,61000.0
APP-000862,8313.08,2447.32,6362.67,464691.26,374828.03,120,1,0,52,9110.16,3123.57,0.2944,0.8066,0.3757,0.7654,1.4355,80,75,92,0,51000.0
APP-000863,8768.74,4088.37,6657.83,1096719.91,862119.23,120,1,1,16,175.37,7184.33,0.4662,0.7861,0.8193,0.7593,2.0448,60,30,57,1,0.0
APP-000864,6280.78,986.91,1578.65,316869.61,192292.77,240,1,0,47,7706.56,801.22,0.1571,0.6069,0.1276,0.2513,0.536,80,75,92,0,177000.0
APP-000865,11159.3,2316.89,3054.17,528583.94,386525.11,120,1,0,46,28485.57,3221.04,0.2076,0.7312,0.2886,0.2737,0.7699,80,75,92,1,175000.0
APP-000866,4205.04,187.27,1053.34,332965.52,200802.44,300,2,0,79,1901.78,669.34,0.0445,0.6031,0.1592,0.2505,0.4542,100,55,84,0,169000.0
APP-000867,7197.78,1409.84,4240.42,701982.52,475075.4,120,2,0,102,8811.64,3958.96,0.1959,0.6768,0.55,0.5891,1.335,100,75,84,1,112000.0
APP-000868,6628.4,76.56,2361.27,471694.47,462260.58,240,4,0,42,8608.29,1926.09,0.0116,0.98,0.2906,0.3562,0.6584,80,75,68,0,257000.0
APP-000869,8350.92,2711.53,3827.63,670581.97,491161.33,180,1,0,10,16684.42,2728.67,0.3247,0.7324,0.3268,0.4583,1.1098,35,75,92,1,35000.0
APP-000870,9392.37,2618.59,6945.79,345790.71,195586.68,300,1,0,57,7523.0,651.96,0.2788,0.5656,0.0694,0.7395,1.0877,80,55,92,1,180000.0
APP-000871,5274.74,955.84,2206.56,304905.4,226679.96,180,2,0,27,1938.76,1259.33,0.1812,0.7434,0.2387,0.4183,0.8383,80,55,84,1,135000.0
APP-000872,10817.7,2227.81,5765.83,548186.28,298359.44,120,2,0,60,17989.86,2486.33,0.2059,0.5443,0.2298,0.533,0.9688,80,75,84,0,157000.0
APP-000873,8701.61,2841.99,4379.23,312293.51,176173.72,120,2,0,59,4185.05,1468.11,0.3266,0.5641,0.1687,0.5033,0.9986,80,55,84,0,21000.0
APP-000874,2500.0,152.47,814.71,180264.11,105392.13,240,2,0,32,50.0,439.13,0.061,0.5847,0.1757,0.3259,0.5625,80,30,84,0,89000.0
APP-000875,2500.0,621.46,1473.66,120000.0,79468.77,300,2,0,57,7015.84,264.9,0.2486,0.6622,0.106,0.5895,0.944,80,75,84,0,64000.0
APP-000876,8460.58,2689.88,2403.21,390882.71,329047.4,300,2,0,18,16788.56,1096.82,0.3179,0.8418,0.1296,0.284,0.7316,60,75,84,0,68000.0
APP-000877,7792.9,0.0,4943.67,470149.92,373859.35,180,3,1,62,22171.2,2077.0,0.0,0.7952,0.2665,0.6344,0.9009,100,75,41,1,153000.0
APP-000878,8169.06,2580.53,2663.18,449599.13,354279.35,240,3,0,83,15820.29,1476.16,0.3159,0.788,0.1807,0.326,0.8226,100,75,76,0,51000.0
APP-000879,8410.46,0.0,2889.2,648743.5,374415.7,120,1,0,70,14821.99,3120.13,0.0,0.5771,0.371,0.3435,0.7145,100,75,92,1,325000.0
APP-000880,9221.79,1876.97,2267.1,696249.35,452303.86,240,3,0,37,13672.06,1884.6,0.2035,0.6496,0.2044,0.2458,0.6537,80,75,76,1,246000.0
APP-000881,11532.48,658.8,3138.2,992812.38,749930.9,240,0,0,79,11331.52,3124.71,0.0571,0.7554,0.2709,0.2721,0.6002,100,55,100,0,750000.0
APP-000882,4944.46,2078.53,1739.06,413074.92,263673.33,180,2,0,74,7965.02,1464.85,0.4204,0.6383,0.2963,0.3517,1.0684,100,75,84,0,0.0
APP-000883,4749.69,275.5,569.96,430011.51,294047.19,240,1,0,76,3097.23,1225.2,0.058,0.6838,0.258,0.12,0.436,100,55,92,0,271000.0
APP-000884,5001.36,0.0,1913.86,349922.75,272021.77,300,2,0,109,938.72,906.74,0.0,0.7774,0.1813,0.3827,0.564,100,30,84,0,228000.0
APP-000885,9424.53,2249.35,3192.32,711197.94,479816.49,120,2,0,65,8020.25,3998.47,0.2387,0.6747,0.4243,0.3387,1.0017,100,55,84,1,106000.0
APP-000886,12483.83,2023.4,6821.19,988809.93,741002.04,180,1,0,25,28866.9,4116.68,0.1621,0.7494,0.3298,0.5464,1.0382,80,75,92,1,388000.0
APP-000887,7119.71,66.61,3472.12,516533.96,478855.23,180,0,0,28,290.73,2660.31,0.0094,0.9271,0.3737,0.4877,0.8707,80,30,100,1,413000.0
APP-000888,2500.0,734.04,766.95,157126.26,109620.45,120,1,0,65,137.84,913.5,0.2936,0.6977,0.3654,0.3068,0.9658,100,30,92,1,16000.0
APP-000889,3047.22,0.0,1056.26,195071.12,170358.33,180,2,0,14,5125.97,946.44,0.0,0.8733,0.3106,0.3466,0.6572,60,75,84,0,131000.0
APP-000890,5834.28,437.14,2231.39,322542.17,255685.02,240,5,0,46,4529.91,1065.35,0.0749,0.7927,0.1826,0.3825,0.64,80,55,60,1,153000.0
APP-000891,6715.27,936.57,4416.99,521031.59,275760.42,120,1,0,41,10656.76,2298.0,0.1395,0.5293,0.3422,0.6578,1.1394,80,75,92,1,156000.0
APP-000892,7193.16,2390.37,2074.73,491348.16,283371.39,240,2,0,73,14680.31,1180.71,0.3323,0.5767,0.1641,0.2884,0.7849,100,75,84,1,26000.0
APP-000893,8623.46,3461.16,2628.76,500702.83,306246.14,300,3,1,22,13498.98,1020.82,0.4014,0.6116,0.1184,0.3048,0.8246,60,75,41,0,0.0
APP-000894,7502.41,2808.82,1796.28,435737.02,265307.84,300,2,1,74,4358.74,884.36,0.3744,0.6089,0.1179,0.2394,0.7317,100,55,49,1,0.0
APP-000895,11857.89,2354.28,2168.5,571702.19,404915.13,240,0,0,45,27328.17,1687.15,0.1985,0.7083,0.1423,0.1829,0.5237,80,75,100,1,405000.0
APP-000896,6336.74,0.0,2972.7,555220.14,444122.66,180,2,0,63,11519.63,2467.35,0.0,0.7999,0.3894,0.4691,0.8585,100,75,84,1,335000.0
APP-000897,5740.58,1577.05,2597.41,409964.38,362068.48,120,0,0,23,6740.28,3017.24,0.2747,0.8832,0.5256,0.4525,1.2528,60,75,100,1,52000.0
APP-000898,10032.4,4272.6,6272.68,546460.91,415344.58,180,1,0,75,11342.39,2307.47,0.4259,0.7601,0.23,0.6252,1.2811,100,75,92,1,0.0
APP-000899,3585.95,1408.31,2103.61,303205.52,200740.75,300,3,1,91,5330.84,669.14,0.3927,0.6621,0.1866,0.5866,1.166,100,75,41,1,0.0
APP-000900,9747.01,2776.07,7832.1,583962.3,262379.31,300,1,0,240,8472.25,874.6,0.2848,0.4493,0.0897,0.8035,1.1781,100,55,92,0,175000.0
APP-000901,8828.17,472.04,3603.49,394469.03,287637.6,180,4,0,60,176.56,1597.99,0.0535,0.7292,0.181,0.4082,0.6427,100,30,68,0,196000.0
APP-000902,8028.18,1175.78,3037.18,709546.97,513250.89,180,1,0,90,14652.58,2851.39,0.1465,0.7234,0.3552,0.3783,0.8799,100,75,92,0,271000.0
APP-000903,13582.48,6665.39,2878.99,819461.85,609499.94,240,2,0,27,24063.66,2539.58,0.4907,0.7438,0.187,0.212,0.8897,80,75,84,0,0.0
APP-000904,6508.94,140.97,3459.19,407718.57,399564.2,180,1,0,106,130.18,2219.8,0.0217,0.98,0.341,0.5315,0.8941,100,30,92,1,300000.0
APP-000905,15092.95,895.05,6625.29,1067694.3,940935.02,300,0,0,19,24293.75,3136.45,0.0593,0.8813,0.2078,0.439,0.7061,60,75,100,1,854000.0
APP-000906,7778.62,2737.74,4077.57,704483.16,579125.96,180,2,0,130,21242.13,3217.37,0.352,0.8221,0.4136,0.5242,1.2898,100,75,84,0,0.0
APP-000907,4413.55,704.57,1049.28,310540.16,184749.65,180,1,0,57,596.38,1026.39,0.1596,0.5949,0.2326,0.2377,0.6299,80,30,92,0,139000.0
APP-000908,8723.74,475.92,4154.74,422367.78,275937.38,240,0,0,20,9456.87,1149.74,0.0546,0.6533,0.1318,0.4763,0.6626,60,75,100,1,276000.0
APP-000909,5056.02,2193.89,2289.53,403418.38,285487.17,120,0,0,42,4986.32,2379.06,0.4339,0.7077,0.4705,0.4528,1.3573,80,55,100,1,0.0
APP-000910,6094.38,1734.14,2695.21,373403.87,231210.58,180,1,0,89,16115.8,1284.5,0.2845,0.6192,0.2108,0.4422,0.9376,100,75,92,1,66000.0
APP-000911,9770.51,1627.26,3035.48,1015962.98,797592.29,300,1,0,47,21093.08,2658.64,0.1665,0.7851,0.2721,0.3107,0.7493,80,75,92,1,495000.0
APP-000912,10277.86,612.47,6272.5,719243.24,551226.69,120,1,0,46,3694.13,4593.56,0.0596,0.7664,0.4469,0.6103,1.1168,80,55,92,1,330000.0
APP-000913,6509.06,3297.73,4869.1,193770.66,112100.2,240,0,0,84,9489.61,467.08,0.5066,0.5785,0.0718,0.748,1.3264,100,75,100,1,0.0
APP-000914,11659.7,2525.22,2825.67,891180.56,780305.38,240,2,0,49,37572.26,3251.27,0.2166,0.8756,0.2788,0.2423,0.7378,80,100,84,0,314000.0
APP-000915,12204.02,5072.31,6532.46,1281456.29,939692.34,180,1,0,102,7173.07,5220.51,0.4156,0.7333,0.4278,0.5353,1.3787,100,55,92,1,0.0
APP-000916,13096.17,4519.6,1571.54,1288224.83,637955.67,120,2,0,36,14929.13,5316.3,0.3451,0.4952,0.4059,0.12,0.8711,80,75,84,1,6000.0
APP-000917,10194.12,1499.29,5372.07,1049558.12,748676.49,180,1,0,15,16434.52,4159.31,0.1471,0.7133,0.408,0.527,1.0821,60,75,92,1,343000.0
APP-000918,12862.97,1906.14,1553.53,664299.39,502580.25,120,2,1,51,7730.01,4188.17,0.1482,0.7566,0.3256,0.1208,0.5946,80,55,49,0,153000.0
APP-000919,2500.0,1056.21,840.01,216046.86,182875.67,180,0,0,55,6842.21,1015.98,0.4225,0.8465,0.4064,0.336,1.1649,80,75,100,0,0.0
APP-000920,7482.7,3178.29,1570.74,426544.51,288398.72,240,0,0,35,5421.95,1201.66,0.4248,0.6761,0.1606,0.2099,0.7953,80,55,100,1,0.0
APP-000921,5725.58,0.0,2207.22,423906.2,350838.33,240,4,0,62,114.51,1461.83,0.0,0.8276,0.2553,0.3855,0.6408,100,30,68,0,231000.0
APP-000922,8881.52,2637.54,4922.2,418202.99,311280.38,300,5,1,17,6017.38,1037.6,0.297,0.7443,0.1168,0.5542,0.968,60,55,25,1,49000.0
APP-000923,6671.36,1354.49,819.44,389606.21,213910.52,240,2,1,63,11592.95,891.29,0.203,0.549,0.1336,0.1228,0.4595,100,75,49,1,105000.0
APP-000924,7968.29,600.29,2888.37,460787.05,246994.91,240,1,0,24,3439.46,1029.15,0.0753,0.536,0.1292,0.3625,0.567,80,55,92,1,227000.0
APP-000925,14522.96,3727.24,4906.74,1251501.45,1083716.13,240,1,0,20,20651.35,4515.48,0.2566,0.8659,0.3109,0.3379,0.9054,60,75,92,1,299000.0
APP-000926,7956.9,247.11,5354.74,671665.07,588027.96,180,2,0,54,13178.97,3266.82,0.0311,0.8755,0.4106,0.673,1.1146,80,75,84,1,384000.0
APP-000927,9824.14,1519.76,4804.81,736640.74,561304.19,180,0,0,19,608.7,3118.36,0.1547,0.762,0.3174,0.4891,0.9612,60,30,100,1,345000.0
APP-000928,7756.74,839.39,1796.81,354424.09,324100.23,240,1,0,11,4985.01,1350.42,0.1082,0.9144,0.1741,0.2316,0.514,35,55,92,1,261000.0
APP-000929,8742.28,1311.6,3012.53,562919.86,482624.56,240,1,0,68,12799.35,2010.94,0.15,0.8574,0.23,0.3446,0.7246,100,75,92,0,386000.0
APP-000930,8519.25,1788.98,5699.18,481933.34,389822.26,240,2,0,26,15182.77,1624.26,0.21,0.8089,0.1907,0.669,1.0696,80,75,84,0,240000.0
APP-000931,9934.64,773.12,5308.06,850943.02,511867.34,180,3,1,72,6607.47,2843.71,0.0778,0.6015,0.2862,0.5343,0.8984,100,55,41,1,200000.0
APP-000932,12228.98,5383.75,3339.52,1115372.96,1054123.07,300,1,0,44,15733.75,3513.74,0.4402,0.9451,0.2873,0.2731,1.0007,80,75,92,1,0.0
APP-000933,13771.66,3980.83,5195.62,1225883.57,968103.77,120,3,0,54,12318.16,8067.53,0.2891,0.7897,0.5858,0.3773,1.2521,80,55,76,1,77000.0
APP-000934,9490.78,4472.43,3629.11,535337.66,358591.09,300,0,1,90,17131.48,1195.3,0.4712,0.6698,0.1259,0.3824,0.9796,100,75,65,1,0.0
APP-000935,10386.55,2052.27,3468.31,214881.14,136046.6,240,2,0,66,16799.96,566.86,0.1976,0.6331,0.0546,0.3339,0.5861,100,75,84,0,114000.0
APP-000936,4817.23,689.68,705.08,183992.72,138616.79,240,2,0,73,3920.58,577.57,0.1432,0.7534,0.1199,0.1464,0.4094,100,55,84,0,116000.0
APP-000937,8218.79,3831.42,2560.82,785628.69,394984.5,240,0,0,71,12990.62,1645.77,0.4662,0.5028,0.2002,0.3116,0.978,100,75,100,1,0.0
APP-000938,11508.93,1600.57,7391.86,722500.6,585917.3,180,0,0,33,8961.56,3255.1,0.1391,0.811,0.2828,0.6423,1.0642,80,55,100,0,437000.0
APP-000939,11271.1,2198.31,4046.52,636670.12,379478.18,240,3,0,64,17601.24,1581.16,0.195,0.596,0.1403,0.359,0.6943,100,75,76,1,288000.0
APP-000940,9177.15,2944.09,3702.79,913749.53,701923.25,240,2,0,28,14446.35,2924.68,0.3208,0.7682,0.3187,0.4035,1.043,80,75,84,1,54000.0
APP-000941,11336.46,529.62,5016.2,1051716.09,685918.04,240,2,0,64,37228.28,2857.99,0.0467,0.6522,0.2521,0.4425,0.7413,100,100,84,0,576000.0
APP-000942,10070.45,3218.33,7803.62,709363.52,486357.76,180,1,0,42,8533.34,2701.99,0.3196,0.6856,0.2683,0.7749,1.3628,80,55,92,0,51000.0
APP-000943,12340.98,3722.89,5200.74,798692.73,496468.77,180,1,0,48,12623.07,2758.16,0.3017,0.6216,0.2235,0.4214,0.9466,80,75,92,1,99000.0
APP-000944,9425.95,3748.75,5608.73,637403.22,445570.46,180,1,0,121,5349.15,2475.39,0.3977,0.699,0.2626,0.595,1.2554,100,55,92,1,0.0
APP-000945,7361.77,2536.91,2387.36,545425.32,526673.24,240,1,0,70,1622.97,2194.47,0.3446,0.9656,0.2981,0.3243,0.967,100,30,92,1,9000.0
APP-000946,9574.69,3849.0,3623.98,945987.72,851443.58,240,0,0,35,7077.47,3547.68,0.402,0.9001,0.3705,0.3785,1.151,80,55,100,1,0.0
APP-000947,2500.0,511.35,1055.02,194011.03,148628.41,240,1,0,17,4371.48,619.29,0.2045,0.7661,0.2477,0.422,0.8743,60,75,92,0,80000.0
APP-000948,9725.23,965.0,2880.02,807860.85,579003.36,240,0,0,55,17638.81,2412.51,0.0992,0.7167,0.2481,0.2961,0.6434,80,75,100,0,579000.0
APP-000949,2500.0,1288.49,968.51,227617.15,188864.46,240,0,0,18,3540.28,786.94,0.5154,0.8297,0.3148,0.3874,1.2176,60,75,100,1,0.0
APP-000950,2984.92,18.69,1677.79,146099.25,126652.88,180,0,0,130,2638.1,703.63,0.0063,0.8669,0.2357,0.5621,0.8041,100,55,100,1,117000.0
APP-000951,9945.66,201.78,2903.55,831332.96,508878.53,240,2,0,49,7021.26,2120.33,0.0203,0.6121,0.2132,0.2919,0.5254,80,55,84,0,427000.0
APP-000952,10028.09,2999.58,4211.94,648795.24,460601.11,180,1,0,85,3257.65,2558.9,0.2991,0.7099,0.2552,0.42,0.9743,100,55,92,1,84000.0
APP-000953,4780.23,2139.14,2549.76,120000.0,57977.45,180,1,1,21,3101.42,322.1,0.4475,0.4831,0.0674,0.5334,1.0483,60,55,57,1,0.0
APP-000954,6221.27,1533.77,1792.26,197170.5,170750.3,120,1,0,69,124.43,1422.92,0.2465,0.866,0.2287,0.2881,0.7633,100,30,92,1,71000.0
APP-000955,12885.73,4637.61,7670.44,665855.76,652538.65,180,1,1,95,30565.89,3625.21,0.3599,0.98,0.2813,0.5953,1.2365,100,75,57,0,0.0
APP-000956,6951.1,0.0,3000.52,553043.83,403949.15,180,3,0,72,19486.98,2244.16,0.0,0.7304,0.3228,0.4317,0.7545,100,75,76,1,307000.0
APP-000957,15677.34,2352.6,6170.3,1129527.5,501226.34,240,2,0,81,313.55,2088.44,0.1501,0.4437,0.1332,0.3936,0.6769,100,30,84,0,421000.0
APP-000958,8493.86,0.0,1019.26,622757.67,497680.38,120,2,0,65,11979.2,4147.34,0.0,0.7992,0.4883,0.12,0.6083,100,75,84,0,300000.0
APP-000959,9805.72,3228.61,3532.23,1030747.25,620992.66,180,1,0,40,13683.12,3449.96,0.3293,0.6025,0.3518,0.3602,1.0413,80,75,92,0,34000.0
APP-000960,13674.0,46.32,6556.06,644816.34,408661.75,120,1,0,29,18294.82,3405.51,0.0034,0.6338,0.2491,0.4795,0.7319,80,75,92,0,376000.0
APP-000961,8919.29,366.63,6236.86,619945.73,496858.56,240,0,1,32,5499.01,2070.24,0.0411,0.8015,0.2321,0.6993,0.9725,80,55,65,0,322000.0
APP-000962,5292.5,1545.22,2703.74,399476.99,300842.94,240,2,0,132,10956.86,1253.51,0.292,0.7531,0.2368,0.5109,1.0397,100,75,84,0,62000.0
APP-000963,8148.87,3004.13,4890.91,462424.73,303603.04,180,6,0,58,12381.64,1686.68,0.3687,0.6565,0.207,0.6002,1.1758,80,75,52,1,0.0
APP-000964,8386.05,1658.29,1899.8,591299.08,375800.88,120,1,1,100,17448.93,3131.67,0.1977,0.6356,0.3734,0.2265,0.7977,100,75,57,1,87000.0
APP-000965,4132.83,1239.12,1651.93,170276.23,125384.38,300,0,1,36,2009.54,417.95,0.2998,0.7364,0.1011,0.3997,0.8007,80,55,65,1,40000.0
APP-000966,7681.34,2268.22,4726.48,732632.99,488497.32,240,1,0,78,153.63,2035.41,0.2953,0.6668,0.265,0.6153,1.1756,100,30,92,1,93000.0
APP-000967,6124.99,1162.77,1702.52,353601.15,203603.25,240,2,0,28,9441.14,848.35,0.1898,0.5758,0.1385,0.278,0.6063,80,75,84,0,171000.0
APP-000968,11457.94,764.72,6581.85,1221018.22,826344.57,240,1,0,44,3246.62,3443.1,0.0667,0.6768,0.3005,0.5744,0.9417,80,30,92,1,717000.0
APP-000969,8610.76,2575.35,4626.83,597719.75,456745.78,240,1,0,39,18075.18,1903.11,0.2991,0.7641,0.221,0.5373,1.0574,80,75,92,1,97000.0
APP-000970,7595.05,2322.82,3523.77,672199.95,468420.21,300,0,0,123,151.9,1561.4,0.3058,0.6968,0.2056,0.464,0.9754,100,30,100,0,101000.0
APP-000971,8160.22,2816.61,2998.13,563385.91,302112.25,180,2,1,31,5943.2,1678.4,0.3452,0.5362,0.2057,0.3674,0.9183,80,55,49,1,3000.0
APP-000972,9213.99,2429.63,2415.84,639880.41,542988.7,240,1,0,73,5488.5,2262.45,0.2637,0.8486,0.2455,0.2622,0.7714,100,55,92,0,176000.0
APP-000973,10473.81,590.83,7374.19,623060.21,226765.57,180,1,0,66,8911.75,1259.81,0.0564,0.364,0.1203,0.7041,0.8808,100,55,92,0,209000.0
APP-000974,5300.92,1678.52,2762.3,382430.86,253158.72,240,2,0,22,7341.72,1054.83,0.3166,0.662,0.199,0.5211,1.0367,60,75,84,1,36000.0
APP-000975,5166.92,1135.72,2451.7,391259.7,250161.36,180,0,1,101,7784.54,1389.79,0.2198,0.6394,0.269,0.4745,0.9633,100,75,65,0,79000.0
APP-000976,12034.97,1834.33,4259.71,672554.6,497194.9,120,1,0,107,20769.52,4143.29,0.1524,0.7393,0.3443,0.3539,0.8506,100,75,92,1,263000.0
APP-000977,7180.52,1283.53,3059.33,486474.63,385782.18,300,0,0,59,13136.68,1285.94,0.1788,0.793,0.1791,0.4261,0.7839,80,75,100,0,369000.0
APP-000978,3966.11,489.27,1770.29,234072.48,202818.99,300,1,1,53,3948.76,676.06,0.1234,0.8665,0.1705,0.4464,0.7402,80,55,57,1,107000.0
APP-000979,9920.2,3416.9,4801.18,1105050.37,693294.64,180,0,0,15,30235.12,3851.64,0.3444,0.6274,0.3883,0.484,1.2167,60,100,100,1,10000.0
APP-000980,9982.78,214.27,5365.69,682671.11,543580.76,300,4,1,20,23942.52,1811.94,0.0215,0.7963,0.1815,0.5375,0.7405,60,75,33,1,190000.0
APP-000981,3601.71,291.42,1061.8,352298.42,262623.11,180,1,0,44,3130.65,1459.02,0.0809,0.7455,0.4051,0.2948,0.7808,80,55,92,0,160000.0
APP-000982,9234.34,1606.51,1711.53,613887.92,305409.17,240,1,0,28,9481.95,1272.54,0.174,0.4975,0.1378,0.1853,0.4971,80,75,92,0,281000.0
APP-000983,10853.87,4840.01,4704.99,810427.53,783740.34,300,0,0,85,9228.58,2612.47,0.4459,0.9671,0.2407,0.4335,1.1201,100,55,100,1,0.0
APP-000984,9698.04,3564.99,1362.04,448199.1,238871.85,180,0,0,20,14323.7,1327.07,0.3676,0.533,0.1368,0.1404,0.6449,60,75,100,0,0.0
APP-000985,10522.34,0.0,3874.48,651887.35,504909.34,240,1,0,18,2896.34,2103.79,0.0,0.7745,0.1999,0.3682,0.5681,60,30,92,0,465000.0
APP-000986,4006.34,1639.35,1356.26,295626.24,227837.6,240,3,0,70,1760.45,949.32,0.4092,0.7707,0.237,0.3385,0.9847,100,55,76,0,0.0
APP-000987,9559.33,3908.99,4767.04,942053.36,712034.81,120,0,0,63,191.19,5933.62,0.4089,0.7558,0.6207,0.4987,1.5283,100,30,100,1,0.0
APP-000988,7531.62,419.05,5552.42,557307.18,365429.11,240,2,0,56,5959.06,1522.62,0.0556,0.6557,0.2022,0.7372,0.995,80,55,84,0,307000.0
APP-000989,6955.07,0.0,834.61,660084.74,546248.4,180,1,0,79,14663.26,3034.71,0.0,0.8275,0.4363,0.12,0.5563,100,75,92,0,403000.0
APP-000990,11285.78,2368.76,8846.58,920164.73,475865.24,240,1,0,34,11433.72,1982.77,0.2099,0.5172,0.1757,0.7839,1.1694,80,75,92,1,349000.0
APP-000991,13233.68,4990.94,5064.63,1314014.6,934845.51,120,0,0,40,14073.41,7790.38,0.3771,0.7114,0.5887,0.3827,1.3485,80,75,100,1,0.0
APP-000992,14241.98,6306.02,6774.19,981803.08,634928.41,180,1,0,62,19943.67,3527.38,0.4428,0.6467,0.2477,0.4756,1.1661,100,75,92,1,0.0
APP-000993,12707.39,1246.39,2460.49,1436239.62,907633.45,240,1,0,58,3151.26,3781.81,0.0981,0.632,0.2976,0.1936,0.5893,80,30,92,0,707000.0
APP-000994,8148.85,3791.47,4722.25,499221.96,387265.05,180,2,0,30,9556.63,2151.47,0.4653,0.7757,0.264,0.5795,1.3088,80,75,84,1,0.0
APP-000995,9628.7,0.0,4107.95,541168.7,465444.16,240,1,0,93,18788.46,1939.35,0.0,0.8601,0.2014,0.4266,0.628,100,75,92,1,398000.0
APP-000996,10953.83,1845.42,4492.88,528183.42,356722.8,240,1,0,23,15619.15,1486.34,0.1685,0.6754,0.1357,0.4102,0.7143,60,75,92,0,328000.0
APP-000997,8887.77,1436.18,1066.53,995060.84,817431.08,240,1,0,42,18045.27,3405.96,0.1616,0.8215,0.3832,0.12,0.6648,80,75,92,0,370000.0
APP-000998,8918.45,3400.85,3851.05,755838.75,549091.37,120,1,0,24,20402.89,4575.76,0.3813,0.7265,0.5131,0.4318,1.3262,60,75,92,1,0.0
APP-000999,11136.01,4474.03,6184.19,712546.81,430338.95,300,0,0,163,19447.16,1434.46,0.4018,0.6039,0.1288,0.5553,1.0859,100,75,100,1,0.0
APP-001000,8310.3,2938.45,3176.16,768556.15,527587.84,240,1,0,54,4221.38,2198.28,0.3536,0.6865,0.2645,0.3822,1.0003,80,55,92,0,0.0
APP-001001,6166.28,190.68,3748.31,507968.79,345960.7,180,2,0,27,5181.39,1922.0,0.0309,0.6811,0.3117,0.6079,0.9505,80,55,84,1,291000.0
APP-001002,7173.69,2444.55,4313.27,756036.9,475875.49,240,3,0,39,20720.04,1982.81,0.3408,0.6294,0.2764,0.6013,1.2184,80,75,76,0,12000.0
APP-001003,10528.51,3066.6,3342.01,443661.11,344149.16,240,2,0,62,15084.74,1433.95,0.2913,0.7757,0.1362,0.3174,0.7449,100,75,84,1,125000.0
APP-001004,8509.58,0.0,5745.82,555024.65,416548.22,240,0,0,84,11171.89,1735.62,0.0,0.7505,0.204,0.6752,0.8792,100,75,100,1,417000.0
APP-001005,9588.67,0.0,4096.73,591377.65,303504.2,240,0,0,29,3605.69,1264.6,0.0,0.5132,0.1319,0.4272,0.5591,80,55,100,0,304000.0
APP-001006,10644.25,3888.54,4555.31,366946.93,185418.88,240,1,0,110,11364.71,772.58,0.3653,0.5053,0.0726,0.428,0.8659,100,75,92,0,0.0
APP-001007,7300.51,1422.04,3181.83,650372.19,504174.36,300,2,0,52,13102.48,1680.58,0.1948,0.7752,0.2302,0.4358,0.8608,80,75,84,0,286000.0
APP-001008,10919.99,437.61,4707.51,711250.47,436716.87,240,0,0,70,12703.9,1819.65,0.0401,0.614,0.1666,0.4311,0.6378,100,75,100,0,437000.0
APP-001009,9712.3,1853.65,1165.48,809164.06,614370.23,240,2,0,37,6629.22,2559.88,0.1909,0.7593,0.2636,0.12,0.5744,80,55,84,1,312000.0
APP-001010,4548.6,1232.51,1775.4,511607.64,420296.48,240,0,0,99,4054.4,1751.24,0.271,0.8215,0.385,0.3903,1.0463,100,55,100,0,86000.0
APP-001011,13115.38,2733.26,2646.27,834683.65,463062.57,300,0,0,64,29150.79,1543.54,0.2084,0.5548,0.1177,0.2018,0.5279,100,75,100,0,463000.0
APP-001012,6897.62,18.77,4691.85,430544.04,230986.95,300,2,0,35,12077.75,769.96,0.0027,0.5365,0.1116,0.6802,0.7946,80,75,84,1,194000.0
APP-001013,3203.69,1550.52,2158.56,231101.59,216698.44,180,0,0,40,5224.06,1203.88,0.484,0.9377,0.3758,0.6738,1.5335,80,75,100,1,0.0
APP-001014,5155.86,1859.15,2868.26,452532.18,346505.79,180,0,0,86,7975.05,1925.03,0.3606,0.7657,0.3734,0.5563,1.2903,100,75,100,1,0.0
APP-001015,5232.66,905.5,1998.06,312908.43,208240.16,240,2,0,68,446.2,867.67,0.173,0.6655,0.1658,0.3818,0.7207,100,30,84,0,175000.0
APP-001016,8666.95,1548.67,2242.29,508253.54,304234.34,240,1,0,43,12091.39,1267.64,0.1787,0.5986,0.1463,0.2587,0.5837,80,75,92,1,280000.0
APP-001017,7623.68,2060.9,2399.84,678731.56,443647.93,240,2,1,84,16095.16,1848.53,0.2703,0.6536,0.2425,0.3148,0.8276,100,75,49,0,71000.0
APP-001018,7422.14,459.08,5424.27,570135.28,322255.05,240,1,0,60,6792.52,1342.73,0.0619,0.5652,0.1809,0.7308,0.9736,100,55,92,0,296000.0
APP-001019,10483.05,2779.84,3241.87,347983.58,290511.86,300,2,0,13,21277.28,968.37,0.2652,0.8348,0.0924,0.3092,0.6668,60,75,84,0,224000.0
APP-001020,9587.6,323.08,1150.51,459657.86,284538.49,240,1,1,48,15730.42,1185.58,0.0337,0.619,0.1237,0.12,0.2774,80,75,57,1,162000.0
APP-001021,9511.35,1998.58,5562.49,922812.84,795611.86,240,0,0,85,18023.12,3315.05,0.2101,0.8622,0.3485,0.5848,1.1435,100,75,100,1,319000.0
APP-001022,9811.45,553.37,6476.35,757784.57,506138.14,180,4,0,130,11732.95,2811.88,0.0564,0.6679,0.2866,0.6601,1.0031,100,75,68,0,344000.0
APP-001023,10471.63,664.62,7178.04,589348.34,344394.24,240,2,0,25,20397.97,1434.98,0.0635,0.5844,0.137,0.6855,0.886,80,75,84,1,289000.0
APP-001024,2500.0,1126.0,1465.34,167331.57,111205.34,120,2,0,82,50.0,926.71,0.4504,0.6646,0.3707,0.5861,1.4072,100,30,84,1,0.0
APP-001025,7333.8,1674.24,4490.07,515113.18,195154.91,240,3,1,52,8652.64,813.15,0.2283,0.3789,0.1109,0.6122,0.9514,80,75,41,0,80000.0
APP-001026,2500.0,622.59,1071.17,208108.0,146570.48,240,2,0,22,4479.28,610.71,0.249,0.7043,0.2443,0.4285,0.9218,60,75,84,0,51000.0
APP-001027,8615.39,0.0,1033.85,392441.94,273879.15,240,5,0,24,12205.16,1141.16,0.0,0.6979,0.1325,0.12,0.2525,60,75,60,0,164000.0
APP-001028,8485.17,1157.55,3601.63,465521.41,385087.02,240,2,0,26,18124.85,1604.53,0.1364,0.8272,0.1891,0.4245,0.75,80,75,84,1,313000.0
APP-001029,11845.7,3370.93,6153.27,887399.58,421319.89,180,0,1,18,11947.71,2340.67,0.2846,0.4748,0.1976,0.5195,1.0016,60,75,65,0,91000.0
APP-001030,12300.43,3040.41,4899.96,838925.96,730740.27,120,0,0,21,8084.95,6089.5,0.2472,0.871,0.4951,0.3984,1.1406,60,55,100,1,152000.0
APP-001031,9148.88,0.0,3577.82,734595.29,607273.7,120,1,0,53,182.98,5060.61,0.0,0.8267,0.5531,0.3911,0.9442,80,30,92,0,354000.0
APP-001032,6898.84,1717.81,1833.31,330239.87,291524.42,300,1,1,12,6238.83,971.75,0.249,0.8828,0.1409,0.2657,0.6556,60,55,57,1,119000.0
APP-001033,10052.52,2727.43,2610.86,768296.84,547907.99,300,5,0,29,16236.7,1826.36,0.2713,0.7131,0.1817,0.2597,0.7127,80,75,60,1,142000.0
APP-001034,6810.66,2722.4,4863.52,610565.81,520083.98,180,0,0,41,12496.94,2889.36,0.3997,0.8518,0.4242,0.7141,1.5381,80,75,100,1,0.0
APP-001035,8495.54,1089.7,6115.9,669132.23,353795.82,180,0,0,29,169.91,1965.53,0.1283,0.5287,0.2314,0.7199,1.0795,80,30,100,1,339000.0
APP-001036,11655.64,0.0,4890.43,845080.38,686793.6,240,0,0,19,25733.23,2861.64,0.0,0.8127,0.2455,0.4196,0.6651,60,75,100,0,676000.0
APP-001037,6715.13,540.25,3122.83,458469.54,284135.97,240,1,0,51,1833.37,1183.9,0.0805,0.6197,0.1763,0.465,0.7218,80,30,92,0,261000.0
APP-001038,11078.17,735.71,2914.25,608996.78,307736.89,180,2,1,29,11532.01,1709.65,0.0664,0.5053,0.1543,0.2631,0.4838,80,75,49,1,151000.0
APP-001039,10667.68,3447.15,5577.19,732912.86,420590.64,120,6,0,30,6806.68,3504.92,0.3231,0.5739,0.3286,0.5228,1.1745,80,55,52,1,18000.0
APP-001040,5444.67,0.0,3819.67,504582.83,363662.46,240,0,0,47,8305.97,1515.26,0.0,0.7207,0.2783,0.7015,0.9798,80,75,100,0,364000.0
APP-001041,11616.46,1826.46,2036.63,788263.86,483080.5,180,1,0,73,14342.46,2683.78,0.1572,0.6128,0.231,0.1753,0.5636,100,75,92,0,371000.0
APP-001042,10735.41,4504.7,5305.67,579535.43,445598.74,180,0,0,34,18896.17,2475.55,0.4196,0.7689,0.2306,0.4942,1.1444,80,75,100,1,0.0
APP-001043,8826.16,1950.67,4468.19,539627.65,261681.16,180,0,0,35,24796.44,1453.78,0.221,0.4849,0.1647,0.5062,0.892,80,75,100,0,205000.0
APP-001044,6060.56,2093.83,3057.05,446150.34,197857.56,240,0,0,22,9139.74,824.41,0.3455,0.4435,0.136,0.5044,0.9859,60,75,100,1,7000.0
APP-001045,5750.54,0.0,3926.76,363875.52,326909.54,240,0,0,85,3628.52,1362.12,0.0,0.8984,0.2369,0.6829,0.9197,100,55,100,1,291000.0
APP-001046,6779.48,0.0,5055.88,533785.45,447042.12,180,0,0,52,10609.63,2483.57,0.0,0.8375,0.3663,0.7458,1.1121,80,75,100,1,427000.0
APP-001047,10236.3,4311.67,3916.85,812876.92,474387.99,240,2,1,82,29691.68,1976.62,0.4212,0.5836,0.1931,0.3826,0.997,100,75,49,0,0.0
APP-001048,5442.0,1274.35,2871.79,468021.19,336792.75,240,1,0,89,9472.92,1403.3,0.2342,0.7196,0.2579,0.5277,1.0197,100,75,92,1,139000.0
APP-001049,9900.04,2321.15,4291.44,946682.05,807080.45,240,1,1,33,19811.21,3362.84,0.2345,0.8525,0.3397,0.4335,1.0076,80,75,57,1,156000.0
APP-001050,4526.38,287.24,1443.29,397984.23,308237.23,300,1,0,145,90.53,1027.46,0.0635,0.7745,0.227,0.3189,0.6093,100,30,92,0,284000.0
APP-001051,7846.98,1837.05,3635.74,417331.43,308520.19,120,4,0,78,11756.27,2571.0,0.2341,0.7393,0.3276,0.4633,1.0251,100,75,68,0,74000.0
APP-001052,8850.87,527.24,4668.3,475613.86,410155.14,300,1,0,55,8043.53,1367.18,0.0596,0.8624,0.1545,0.5274,0.7415,80,55,92,1,350000.0
APP-001053,16324.42,6303.87,7422.85,1120444.5,700286.08,240,0,0,35,8780.7,2917.86,0.3862,0.625,0.1787,0.4547,1.0196,80,55,100,1,0.0
APP-001054,4092.59,2463.31,1141.88,253244.73,183362.66,240,3,0,32,4624.28,764.01,0.6019,0.7241,0.1867,0.279,1.0676,80,75,76,1,0.0
APP-001055,13210.45,3801.33,4568.57,654050.78,469398.95,180,0,0,51,16483.61,2607.77,0.2878,0.7177,0.1974,0.3458,0.831,80,75,100,1,148000.0
APP-001056,8979.5,1177.28,3116.38,557173.65,381408.17,180,1,0,58,5280.37,2118.93,0.1311,0.6845,0.236,0.3471,0.7141,80,55,92,0,325000.0
APP-001057,9815.75,0.0,2799.54,603263.9,403779.78,120,1,0,10,12953.03,3364.83,0.0,0.6693,0.3428,0.2852,0.628,35,75,92,1,371000.0
APP-001058,8878.71,0.0,4174.47,514137.35,375049.25,300,0,0,39,8824.21,1250.16,0.0,0.7295,0.1408,0.4702,0.611,80,55,100,0,375000.0
APP-001059,9923.13,4343.16,4831.55,638213.67,462368.56,240,0,0,57,17684.95,1926.54,0.4377,0.7245,0.1941,0.4869,1.1187,80,75,100,1,0.0
APP-001060,8008.21,607.93,4618.52,730445.56,426364.29,240,1,0,65,10849.66,1776.52,0.0759,0.5837,0.2218,0.5767,0.8745,100,75,92,1,392000.0
APP-001061,13152.96,2210.79,3719.4,967877.5,797757.03,240,2,0,46,19575.96,3323.99,0.1681,0.8242,0.2527,0.2828,0.7036,80,75,84,0,482000.0
APP-001062,7039.29,2194.47,2306.1,805946.62,477982.7,120,1,0,64,14299.96,3983.19,0.3117,0.5931,0.5659,0.3276,1.2052,100,75,92,1,30000.0
APP-001063,12123.15,5182.9,8107.13,885828.28,612665.11,180,0,0,32,19996.66,3403.7,0.4275,0.6916,0.2808,0.6687,1.377,80,75,100,1,0.0
APP-001064,6438.03,1236.47,2534.53,417047.65,284265.33,240,1,1,63,7368.47,1184.44,0.1921,0.6816,0.184,0.3937,0.7697,100,75,57,0,139000.0
APP-001065,8307.19,1356.95,3529.07,582121.57,446227.31,240,4,1,58,166.14,1859.28,0.1633,0.7666,0.2238,0.4248,0.812,80,30,33,1,130000.0
APP-001066,5069.72,1166.17,1987.25,378286.55,168154.61,240,1,0,88,8174.19,700.64,0.23,0.4445,0.1382,0.392,0.7602,100,75,92,0,134000.0
APP-001067,9956.08,1315.5,5986.44,774926.9,647698.06,240,0,0,114,3278.23,2698.74,0.1321,0.8358,0.2711,0.6013,1.0045,100,55,100,1,521000.0
APP-001068,13124.4,1833.02,7972.94,1409308.95,890670.93,240,2,0,90,14074.43,3711.13,0.1397,0.632,0.2828,0.6075,1.0299,100,75,84,0,557000.0
APP-001069,8252.46,2291.4,4935.91,452104.69,397217.03,240,5,1,43,12246.17,1655.07,0.2777,0.8786,0.2006,0.5981,1.0763,80,75,25,1,50000.0
APP-001070,7869.97,1935.55,3338.84,672589.54,442455.33,120,3,0,23,18492.26,3687.13,0.2459,0.6578,0.4685,0.4243,1.1387,60,75,76,1,75000.0
APP-001071,4933.23,2557.51,1383.33,363773.65,259607.19,240,1,1,29,13852.94,1081.7,0.5184,0.7137,0.2193,0.2804,1.0181,80,75,57,1,0.0
APP-001072,7766.26,2185.73,5654.1,324010.38,313898.73,240,0,1,112,2492.22,1307.91,0.2814,0.9688,0.1684,0.728,1.1779,100,55,65,1,83000.0
APP-001073,3403.06,1297.11,1895.54,285423.28,195214.12,180,1,0,53,68.06,1084.52,0.3812,0.6839,0.3187,0.557,1.2569,80,30,92,1,0.0
APP-001074,5578.79,390.63,1935.48,517807.84,456214.85,180,1,0,59,8051.01,2534.53,0.07,0.8811,0.4543,0.3469,0.8713,80,75,92,1,259000.0
APP-001075,9225.72,2707.95,5976.52,503454.9,365042.99,180,1,0,82,12622.49,2028.02,0.2935,0.7251,0.2198,0.6478,1.1612,100,75,92,1,86000.0
APP-001076,12720.84,1511.01,4252.61,888413.32,687635.86,180,3,0,51,868.98,3820.2,0.1188,0.774,0.3003,0.3343,0.7534,80,30,76,1,402000.0
APP-001077,17489.47,4815.96,11293.17,681103.52,496588.91,240,1,0,97,19851.56,2069.12,0.2754,0.7291,0.1183,0.6457,1.0394,100,75,92,0,288000.0
APP-001078,6622.93,2095.44,4348.12,313539.23,260306.76,120,2,0,21,11178.09,2169.22,0.3164,0.8302,0.3275,0.6565,1.3004,60,75,84,1,22000.0
APP-001079,13092.96,2971.86,3568.65,1163499.81,734029.8,240,1,0,67,561.21,3058.46,0.227,0.6309,0.2336,0.2726,0.7331,100,30,92,0,356000.0
APP-001080,9280.01,5169.2,4761.4,571690.28,338482.77,120,0,0,132,2365.22,2820.69,0.557,0.5921,0.304,0.5131,1.3741,100,30,100,1,0.0
APP-001081,8016.01,3366.06,4369.93,401133.41,255516.01,120,2,0,102,4571.18,2129.3,0.4199,0.637,0.2656,0.5452,1.2307,100,55,84,1,0.0
APP-001082,9884.3,3803.62,8286.86,732726.16,537060.69,180,2,0,105,9478.71,2983.67,0.3848,0.733,0.3019,0.8384,1.5251,100,55,84,1,0.0
APP-001083,8698.13,2844.29,2620.15,527077.06,364364.98,180,1,1,19,15435.48,2024.25,0.327,0.6913,0.2327,0.3012,0.861,60,75,57,0,21000.0
APP-001084,8853.27,4133.33,5747.6,544699.07,442478.52,300,3,0,57,7579.88,1474.93,0.4669,0.8123,0.1666,0.6492,1.2827,80,55,76,1,0.0
APP-001085,7193.33,135.41,3041.16,599261.31,533111.93,180,0,0,47,8630.46,2961.73,0.0188,0.8896,0.4117,0.4228,0.8533,80,75,100,1,429000.0
APP-001086,4026.05,1658.09,891.29,197633.92,117224.78,180,1,0,29,12768.86,651.25,0.4118,0.5931,0.1618,0.2214,0.795,80,100,92,1,0.0
APP-001087,3560.4,289.2,1427.02,191205.64,119424.49,180,3,0,58,1030.1,663.47,0.0812,0.6246,0.1863,0.4008,0.6684,80,30,76,0,91000.0
APP-001088,10590.38,1493.16,4452.14,770698.65,411005.01,180,0,0,23,5955.04,2283.36,0.141,0.5333,0.2156,0.4204,0.777,60,55,100,0,398000.0
APP-001089,7614.56,2273.67,1908.04,665888.5,652570.73,240,1,1,64,13403.76,2719.04,0.2986,0.98,0.3571,0.2506,0.9063,100,75,57,1,54000.0
APP-001090,6592.52,2588.56,3098.14,608402.72,462146.99,240,0,0,28,13443.71,1925.61,0.3927,0.7596,0.2921,0.4699,1.1547,80,75,100,1,0.0
APP-001091,8527.22,498.84,4888.22,494824.99,387138.35,180,0,0,62,12989.69,2150.77,0.0585,0.7824,0.2522,0.5732,0.884,100,75,100,0,387000.0
APP-001092,11043.78,1637.17,5059.29,959404.21,523616.83,240,2,0,30,30680.41,2181.74,0.1482,0.5458,0.1976,0.4581,0.8039,80,75,84,1,440000.0
APP-001093,9077.16,2120.92,3025.46,507281.33,365165.4,240,0,0,41,13032.18,1521.52,0.2337,0.7198,0.1676,0.3333,0.7346,80,75,100,0,253000.0
APP-001094,6400.62,1241.14,2536.21,658443.53,517669.78,240,2,1,39,128.01,2156.96,0.1939,0.7862,0.337,0.3962,0.9271,80,30,49,1,117000.0
APP-001095,12424.14,4218.8,5209.11,616139.33,423374.91,240,1,0,46,15372.34,1764.06,0.3396,0.6871,0.142,0.4193,0.9008,80,75,92,1,29000.0
APP-001096,13553.39,9501.33,6163.7,1272834.68,1094436.38,180,1,0,49,8621.51,6080.2,0.701,0.8598,0.4486,0.4548,1.6044,80,55,92,1,0.0
APP-001097,10082.58,2810.06,6025.08,586637.35,574904.6,240,1,0,39,24152.12,2395.44,0.2787,0.98,0.2376,0.5976,1.1139,80,75,92,1,159000.0
APP-001098,11615.72,1359.88,5384.01,1234036.27,736573.83,240,0,0,26,23442.41,3069.06,0.1171,0.5969,0.2642,0.4635,0.8448,80,75,100,0,649000.0
APP-001099,12474.27,480.12,2439.58,1005972.36,590635.2,240,1,1,92,249.49,2460.98,0.0385,0.5871,0.1973,0.1956,0.4313,100,30,57,0,337000.0
APP-001100,12116.32,2113.87,3998.73,626555.42,379624.74,300,1,0,50,28658.56,1265.42,0.1745,0.6059,0.1044,0.33,0.6089,80,75,92,0,349000.0
APP-001101,10465.12,924.75,4673.34,634183.05,589032.95,300,1,0,59,20882.42,1963.44,0.0884,0.9288,0.1876,0.4466,0.7225,80,75,92,0,467000.0
APP-001102,10414.71,2972.95,6247.37,875473.71,748973.18,180,2,0,39,8935.66,4160.96,0.2855,0.8555,0.3995,0.5999,1.2848,80,55,84,1,102000.0
APP-001103,10162.91,2878.98,6378.81,903966.79,634929.44,240,4,0,166,10969.87,2645.54,0.2833,0.7024,0.2603,0.6277,1.1713,100,75,68,0,111000.0
APP-001104,4988.52,774.0,3511.67,342846.57,248479.0,240,2,0,53,11987.21,1035.33,0.1552,0.7248,0.2075,0.7039,1.0666,80,75,84,1,196000.0
APP-001105,10742.31,5348.53,4736.27,760597.19,466892.07,240,4,0,94,214.85,1945.38,0.4979,0.6138,0.1811,0.4409,1.1199,100,30,68,1,0.0
APP-001106,4161.4,487.04,2256.02,348102.19,290910.23,240,1,0,42,6453.73,1212.13,0.117,0.8357,0.2913,0.5421,0.9504,80,75,92,1,214000.0
APP-001107,5957.28,1210.99,1115.72,431142.61,289129.74,300,2,1,68,12713.25,963.77,0.2033,0.6706,0.1618,0.1873,0.5523,100,75,49,0,128000.0
APP-001108,12671.41,3921.58,6193.54,591969.07,406203.29,240,2,0,45,13560.41,1692.51,0.3095,0.6862,0.1336,0.4888,0.9318,80,75,84,1,104000.0
APP-001109,11188.7,3858.85,2774.33,619479.05,495052.14,240,3,0,86,19391.35,2062.72,0.3449,0.7991,0.1844,0.248,0.7772,100,75,76,1,10000.0
APP-001110,13259.67,5288.76,5436.38,984294.27,684636.37,120,0,0,37,16479.64,5705.3,0.3989,0.6956,0.4303,0.41,1.2391,80,75,100,1,0.0
APP-001111,7630.64,2136.5,6486.05,701093.34,483371.9,240,0,0,24,3390.79,2014.05,0.28,0.6895,0.2639,0.85,1.3939,60,55,100,1,128000.0
APP-001112,4812.8,1766.91,2255.13,476889.57,344016.11,300,1,0,59,2030.39,1146.72,0.3671,0.7214,0.2383,0.4686,1.074,80,55,92,1,0.0
APP-001113,7730.6,980.9,2178.41,649614.22,534889.89,240,2,0,89,13843.47,2228.71,0.1269,0.8234,0.2883,0.2818,0.697,100,75,84,0,348000.0
APP-001114,8826.5,3076.31,4283.03,663498.91,619737.24,120,2,0,46,5100.52,5164.48,0.3485,0.934,0.5851,0.4852,1.4189,80,55,84,1,1000.0
APP-001115,8752.76,3034.25,2952.03,730668.91,581695.17,300,1,0,36,175.06,1938.98,0.3467,0.7961,0.2215,0.3373,0.9055,80,30,92,1,8000.0
APP-001116,12127.78,5236.82,3229.4,703392.72,579898.66,240,2,0,21,15282.93,2416.24,0.4318,0.8244,0.1992,0.2663,0.8973,60,75,84,1,0.0
APP-001117,7343.93,0.0,5555.7,493819.7,342720.24,240,1,0,90,5054.29,1428.0,0.0,0.694,0.1944,0.7565,0.9509,100,55,92,0,315000.0
APP-001118,9626.51,895.21,5686.28,531052.67,333493.79,120,0,0,28,681.58,2779.11,0.093,0.628,0.2887,0.5907,0.9724,80,30,100,1,297000.0
APP-001119,5336.39,1788.97,2536.31,253599.45,204152.18,240,2,0,39,6481.44,850.63,0.3352,0.805,0.1594,0.4753,0.9699,80,75,84,1,16000.0
APP-001120,9941.02,0.0,3552.01,755555.76,560819.8,120,2,1,38,18296.93,4673.5,0.0,0.7423,0.4701,0.3573,0.8274,80,75,49,0,205000.0
APP-001121,8509.95,2458.36,3151.01,624113.07,333936.86,180,3,0,48,9940.77,1855.2,0.2889,0.5351,0.218,0.3703,0.8772,80,75,76,1,71000.0
APP-001122,6100.6,2247.29,4067.86,502553.45,340405.06,240,0,0,68,1161.45,1418.35,0.3684,0.6774,0.2325,0.6668,1.2677,100,30,100,1,0.0
APP-001123,7745.35,1078.98,3632.97,618311.07,438520.67,300,2,0,139,12265.71,1461.74,0.1393,0.7092,0.1887,0.4691,0.7971,100,75,84,0,368000.0
APP-001124,7910.64,1263.91,949.28,588295.11,384533.5,180,2,0,60,16467.11,2136.3,0.1598,0.6536,0.2701,0.12,0.5498,100,75,84,0,228000.0
APP-001125,7635.5,531.59,6164.53,610986.12,557601.6,300,2,0,21,23988.7,1858.67,0.0696,0.9126,0.2434,0.8074,1.1204,60,100,84,0,411000.0
APP-001126,14168.29,2082.5,6365.67,980895.0,767431.72,300,4,0,47,34679.16,2558.11,0.147,0.7824,0.1806,0.4493,0.7768,80,75,68,1,522000.0
APP-001127,8184.97,1236.26,3887.36,633779.18,569458.67,120,3,1,61,2006.77,4745.49,0.151,0.8985,0.5798,0.4749,1.2058,100,30,41,1,80000.0
APP-001128,7719.53,960.33,4584.41,439468.36,331466.94,180,0,0,98,14839.06,1841.48,0.1244,0.7542,0.2385,0.5939,0.9568,100,75,100,1,313000.0
APP-001129,2500.0,291.81,1236.16,191636.77,140006.07,240,2,0,92,3452.18,583.36,0.1167,0.7306,0.2333,0.4945,0.8445,100,75,84,0,118000.0
APP-001130,5638.54,1026.55,3042.02,462537.71,276709.61,240,1,0,46,637.78,1152.96,0.1821,0.5982,0.2045,0.5395,0.926,80,30,92,1,209000.0
APP-001131,7658.17,1381.27,2697.24,443758.0,320193.95,180,1,0,52,10762.91,1778.86,0.1804,0.7216,0.2323,0.3522,0.7649,80,75,92,0,215000.0
APP-001132,6305.27,3041.53,1407.54,447251.68,322780.2,240,1,0,57,18139.06,1344.92,0.4824,0.7217,0.2133,0.2232,0.9189,80,75,92,0,0.0
APP-001133,12921.46,2129.64,6006.38,759461.06,411836.9,240,1,1,52,28766.77,1715.99,0.1648,0.5423,0.1328,0.4648,0.7625,80,75,57,0,235000.0
APP-001134,7972.2,2137.99,5174.42,482500.45,313558.43,240,0,0,47,1896.55,1306.49,0.2682,0.6499,0.1639,0.6491,1.0811,80,30,100,1,157000.0
APP-001135,12623.02,1757.58,3993.31,628011.38,425774.92,240,0,0,115,14672.31,1774.06,0.1392,0.678,0.1405,0.3164,0.5961,100,75,100,0,426000.0
APP-001136,8697.45,1195.52,2639.82,806984.2,624405.92,120,1,0,32,13850.76,5203.38,0.1375,0.7738,0.5983,0.3035,1.0392,80,75,92,1,204000.0
APP-001137,8619.13,0.0,5303.89,768674.04,599546.93,180,1,0,83,172.38,3330.82,0.0,0.78,0.3864,0.6154,1.0018,100,30,92,1,500000.0
APP-001138,8215.85,0.07,2849.59,654588.18,421835.34,120,1,0,74,164.32,3515.29,0.0,0.6444,0.4279,0.3468,0.7747,100,30,92,0,317000.0
APP-001139,8512.15,434.29,3015.94,898027.59,701317.38,300,2,0,46,10973.56,2337.72,0.051,0.781,0.2746,0.3543,0.68,80,75,84,0,589000.0
APP-001140,14000.14,3440.08,5044.21,932319.67,649201.92,300,1,0,31,18212.89,2164.01,0.2457,0.6963,0.1546,0.3603,0.7606,80,75,92,0,403000.0
APP-001141,2500.0,926.66,1024.01,311429.31,109000.26,240,1,0,50,50.0,454.17,0.3707,0.35,0.1817,0.4096,0.9619,80,30,92,0,0.0
APP-001142,2500.0,0.0,420.54,164761.18,108246.24,120,1,1,70,3747.94,902.05,0.0,0.657,0.3608,0.1682,0.529,100,75,57,1,60000.0
APP-001143,6761.85,967.82,2256.47,504390.17,433910.99,240,2,0,5,14391.03,1807.96,0.1431,0.8603,0.2674,0.3337,0.7442,35,75,84,1,282000.0
APP-001144,8546.49,244.73,3904.54,537061.36,269263.9,180,1,0,23,8149.32,1495.91,0.0286,0.5014,0.175,0.4569,0.6605,60,55,92,0,248000.0
APP-001145,10708.33,1959.64,4879.98,821349.15,603404.03,180,3,0,8,12891.02,3352.24,0.183,0.7346,0.3131,0.4557,0.9518,35,75,76,1,245000.0
APP-001146,10013.88,3711.22,6061.19,851590.97,788644.74,180,3,0,59,16665.8,4381.36,0.3706,0.9261,0.4375,0.6053,1.4134,80,75,76,1,0.0
APP-001147,7270.41,1144.63,5193.28,494020.97,306846.46,240,2,1,57,11233.71,1278.53,0.1574,0.6211,0.1759,0.7143,1.0476,80,75,49,1,150000.0
APP-001148,11760.94,2509.17,7785.71,1199391.9,863897.26,120,1,0,24,235.22,7199.14,0.2133,0.7203,0.6121,0.662,1.4875,80,30,92,1,177000.0
APP-001149,11796.63,4998.61,6680.95,876544.55,482518.39,240,2,0,29,3956.48,2010.49,0.4237,0.5505,0.1704,0.5663,1.1605,80,55,84,1,0.0
APP-001150,9088.99,2582.24,3601.08,680480.83,633895.15,300,1,0,56,7214.22,2112.98,0.2841,0.9315,0.2325,0.3962,0.9128,80,55,92,1,165000.0
APP-001151,11580.5,1315.4,3709.34,621155.57,440502.88,240,0,0,16,4345.65,1835.43,0.1136,0.7092,0.1585,0.3203,0.5924,60,55,100,0,441000.0
APP-001152,9372.46,2270.46,3963.25,726675.16,527610.85,120,2,0,72,23152.53,4396.76,0.2422,0.7261,0.4691,0.4229,1.1342,100,75,84,0,102000.0
APP-001153,6703.25,698.1,3443.41,453056.27,405965.17,300,0,0,43,11536.49,1353.22,0.1041,0.8961,0.2019,0.5137,0.8197,80,75,100,1,362000.0
APP-001154,10733.01,2993.09,5919.36,633802.55,510839.91,240,1,0,48,1623.34,2128.5,0.2789,0.806,0.1983,0.5515,1.0287,80,30,92,0,169000.0
APP-001155,8853.96,2586.66,4601.35,496029.59,300677.4,240,1,0,51,8474.11,1252.82,0.2921,0.6062,0.1415,0.5197,0.9533,80,55,92,0,113000.0
APP-001156,8504.29,243.2,3406.92,1004286.12,638579.21,240,1,0,21,18431.79,2660.75,0.0286,0.6359,0.3129,0.4006,0.7421,60,75,92,1,587000.0
APP-001157,13213.45,3230.97,7213.2,862275.61,676318.17,300,0,0,51,7510.32,2254.39,0.2445,0.7843,0.1706,0.5459,0.961,80,55,100,1,418000.0
APP-001158,2500.0,508.85,1554.35,120000.0,76663.71,240,3,0,67,4791.06,319.43,0.2035,0.6389,0.1278,0.6217,0.9531,100,75,76,1,58000.0
APP-001159,3963.41,1174.18,2222.78,227626.66,101238.86,240,1,0,31,9491.82,421.83,0.2963,0.4448,0.1064,0.5608,0.9635,80,75,92,1,47000.0
APP-001160,4701.37,1581.49,1950.5,324732.31,231559.69,240,1,0,29,10552.36,964.83,0.3364,0.7131,0.2052,0.4149,0.9565,80,75,92,1,14000.0
APP-001161,7337.57,2104.73,2102.83,585831.31,309068.4,120,3,0,134,9629.56,2575.57,0.2868,0.5276,0.351,0.2866,0.9244,100,75,76,1,42000.0
APP-001162,7685.25,1364.54,2173.31,614715.31,571756.93,240,0,0,27,17491.04,2382.32,0.1776,0.9301,0.31,0.2828,0.7703,80,75,100,1,318000.0
APP-001163,3676.56,1289.24,1143.43,302136.08,224481.79,120,2,0,37,2500.01,1870.68,0.3507,0.743,0.5088,0.311,1.1705,80,55,84,0,0.0
APP-001164,5347.49,522.83,2465.9,312253.64,188078.87,180,2,0,104,18113.53,1044.88,0.0978,0.6023,0.1954,0.4611,0.7543,100,100,84,0,158000.0
APP-001165,5745.31,201.81,2890.86,437378.29,275188.7,180,2,0,15,7852.48,1528.83,0.0351,0.6292,0.2661,0.5032,0.8044,60,75,84,1,231000.0
APP-001166,16363.76,0.0,3169.25,887421.76,420973.64,180,1,0,45,35707.6,2338.74,0.0,0.4744,0.1429,0.1937,0.3366,80,75,92,0,387000.0
APP-001167,14265.57,2998.34,4841.18,839478.06,484437.57,240,0,0,66,11757.57,2018.49,0.2102,0.5771,0.1415,0.3394,0.691,100,55,100,0,479000.0
APP-001168,7182.4,754.03,3296.19,384123.75,327320.3,240,0,0,47,11488.06,1363.83,0.105,0.8521,0.1899,0.4589,0.7538,80,75,100,0,307000.0
APP-001169,7336.53,2022.58,2025.26,356621.56,349489.13,180,1,0,14,12025.44,1941.61,0.2757,0.98,0.2646,0.2761,0.8164,60,75,92,1,90000.0
APP-001170,4822.55,0.0,2360.27,429957.91,350171.29,180,1,0,23,1514.52,1945.4,0.0,0.8144,0.4034,0.4894,0.8928,60,55,92,0,280000.0
APP-001171,2500.0,323.49,927.03,205987.53,145846.27,300,0,0,12,718.5,486.15,0.1294,0.708,0.1945,0.3708,0.6947,60,30,100,1,146000.0
APP-001172,8125.98,2322.71,2472.35,711673.44,472441.05,300,0,0,43,7849.27,1574.8,0.2858,0.6638,0.1938,0.3043,0.7839,80,55,100,0,156000.0
APP-001173,5306.87,402.38,2274.06,375236.49,223511.69,240,1,0,61,11382.18,931.3,0.0758,0.5957,0.1755,0.4285,0.6798,100,75,92,1,206000.0
APP-001174,8228.48,2281.72,3972.42,691048.5,677227.53,180,0,0,31,164.57,3762.38,0.2773,0.98,0.4572,0.4828,1.2173,80,30,100,1,108000.0
APP-001175,3379.34,479.92,960.53,129417.93,90005.34,120,3,0,39,2782.67,750.04,0.142,0.6955,0.2219,0.2842,0.6482,80,55,76,1,64000.0
APP-001176,6061.68,1305.73,2310.6,518489.43,508119.65,120,3,0,39,14116.96,4234.33,0.2154,0.98,0.6985,0.3812,1.2951,80,75,76,1,74000.0
APP-001177,8975.61,2722.5,4441.39,656908.11,591977.7,180,0,0,94,368.75,3288.76,0.3033,0.9012,0.3664,0.4948,1.1646,100,30,100,1,75000.0
APP-001178,9671.87,3417.96,2882.85,786206.76,388147.5,300,1,0,55,22037.46,1293.82,0.3534,0.4937,0.1338,0.2981,0.7852,80,75,92,0,0.0
APP-001179,9835.91,2291.26,1522.19,755795.47,478740.64,240,1,0,51,1327.71,1994.75,0.2329,0.6334,0.2028,0.1548,0.5905,80,30,92,0,254000.0
APP-001180,4274.44,453.25,744.39,223266.61,141333.15,180,0,0,86,1389.67,785.18,0.106,0.633,0.1837,0.1741,0.4639,100,55,100,0,141000.0
APP-001181,11234.99,1751.25,3967.21,483501.17,343102.09,300,0,0,18,11431.61,1143.67,0.1559,0.7096,0.1018,0.3531,0.6108,60,75,100,1,343000.0
APP-001182,5939.32,1836.28,1241.63,339628.43,241869.49,240,0,0,55,16844.59,1007.79,0.3092,0.7122,0.1697,0.2091,0.6879,80,75,100,0,58000.0
APP-001183,10525.15,810.69,3834.99,843785.23,826909.52,180,1,1,34,6041.37,4593.94,0.077,0.98,0.4365,0.3644,0.8779,80,55,57,1,295000.0
APP-001184,8465.96,1651.46,5810.95,697778.04,404683.62,240,1,0,102,169.32,1686.18,0.1951,0.58,0.1992,0.6864,1.0806,100,30,92,0,290000.0
APP-001185,4095.56,679.77,816.75,185844.39,139339.82,180,3,0,86,81.91,774.11,0.166,0.7498,0.189,0.1994,0.5544,100,30,76,1,103000.0
APP-001186,7488.17,1539.04,2806.44,391932.26,313603.03,300,1,0,34,14892.12,1045.34,0.2055,0.8001,0.1396,0.3748,0.7199,80,75,92,1,288000.0
APP-001187,9669.16,760.97,7359.87,550965.96,396582.89,180,2,0,41,193.38,2203.24,0.0787,0.7198,0.2279,0.7612,1.0677,80,30,84,0,333000.0
APP-001188,10461.49,0.0,5076.97,665021.27,488340.73,240,1,0,26,23215.8,2034.75,0.0,0.7343,0.1945,0.4853,0.6798,80,75,92,0,449000.0
APP-001189,8048.84,2357.54,2906.95,366086.02,213858.24,180,1,0,79,9761.73,1188.1,0.2929,0.5842,0.1476,0.3612,0.8017,100,75,92,0,76000.0
APP-001190,13401.69,4757.31,5292.31,595076.26,436692.67,300,0,0,69,15022.71,1455.64,0.355,0.7338,0.1086,0.3949,0.8585,100,75,100,0,0.0
APP-001191,11724.03,0.0,5729.51,647248.36,509049.1,240,3,0,42,16619.68,2121.04,0.0,0.7865,0.1809,0.4887,0.6696,80,75,76,0,387000.0
APP-001192,7678.71,2085.92,5308.47,549431.2,418989.68,240,3,0,42,3295.48,1745.79,0.2716,0.7626,0.2274,0.6913,1.1903,80,55,76,1,110000.0
APP-001193,10900.39,4051.08,3652.32,531386.39,421987.81,120,0,0,36,13888.02,3516.57,0.3716,0.7941,0.3226,0.3351,1.0293,80,75,100,1,0.0
APP-001194,14688.14,4456.79,4388.56,997552.86,901427.69,300,3,0,98,1119.74,3004.76,0.3034,0.9036,0.2046,0.2988,0.8068,100,30,76,0,156000.0
APP-001195,14773.55,2388.38,2945.71,1315643.06,1107515.76,240,0,0,44,34924.7,4614.65,0.1617,0.8418,0.3124,0.1994,0.6734,80,75,100,1,668000.0
APP-001196,4570.4,401.79,1994.96,212834.24,155213.27,180,0,0,37,1030.32,862.3,0.0879,0.7293,0.1887,0.4365,0.7131,80,30,100,0,155000.0
APP-001197,5535.09,1280.47,1079.84,366888.04,208271.85,300,2,1,74,8551.68,694.24,0.2313,0.5677,0.1254,0.1951,0.5519,100,75,49,1,97000.0
APP-001198,13251.74,3375.08,4582.38,1172058.39,752460.68,120,0,0,8,2898.48,6270.51,0.2547,0.642,0.4732,0.3458,1.0737,35,30,100,1,152000.0
APP-001199,5113.5,1193.56,1404.22,319446.36,220880.53,180,1,0,40,3426.64,1227.11,0.2334,0.6914,0.24,0.2746,0.748,80,55,92,1,99000.0
APP-001200,4267.87,831.3,2525.98,254680.54,191724.78,240,2,0,80,3472.13,798.85,0.1948,0.7528,0.1872,0.5919,0.9738,100,55,84,1,134000.0
APP-001201,6944.18,475.18,2351.69,631523.93,415427.01,180,1,1,111,26618.52,2307.93,0.0684,0.6578,0.3324,0.3387,0.7394,100,100,57,0,201000.0
APP-001202,9844.73,2748.41,4760.01,634870.23,379877.57,240,0,0,32,11193.44,1582.82,0.2792,0.5984,0.1608,0.4835,0.9235,80,75,100,0,167000.0
APP-001203,8172.33,2336.63,1334.91,734536.51,415405.5,180,1,0,64,3355.75,2307.81,0.2859,0.5655,0.2824,0.1633,0.7317,100,55,92,0,87000.0
APP-001204,6418.2,1592.45,2830.69,498831.06,252082.73,120,1,0,32,4813.01,2100.69,0.2481,0.5053,0.3273,0.441,1.0165,80,55,92,1,72000.0
APP-001205,6342.52,1493.91,1442.89,404835.42,279116.38,120,0,0,141,126.85,2325.97,0.2355,0.6895,0.3667,0.2275,0.8298,100,30,100,0,87000.0
APP-001206,6220.52,2830.93,2188.98,489147.15,258731.2,180,1,0,53,6242.25,1437.4,0.4551,0.5289,0.2311,0.3519,1.0381,80,75,92,1,0.0
APP-001207,5685.57,753.83,4399.45,430784.73,254133.55,300,2,1,69,16010.44,847.11,0.1326,0.5899,0.149,0.7738,1.0554,100,75,49,1,125000.0
APP-001208,15801.23,6311.02,8993.23,1396447.35,933933.87,240,1,1,9,22950.26,3891.39,0.3994,0.6688,0.2463,0.5691,1.2148,35,75,57,1,0.0
APP-001209,9452.04,1108.12,3775.65,568348.81,310506.43,240,0,0,36,18554.92,1293.78,0.1172,0.5463,0.1369,0.3995,0.6536,80,75,100,1,311000.0
APP-001210,11337.63,4254.48,9636.98,802043.25,617066.24,180,0,0,74,3753.33,3428.15,0.3753,0.7694,0.3024,0.85,1.5276,100,55,100,1,0.0
APP-001211,6934.95,2723.16,1897.21,477767.7,389967.85,240,2,0,18,6706.04,1624.87,0.3927,0.8162,0.2343,0.2736,0.9005,60,55,84,1,0.0
APP-001212,7904.94,1414.77,4793.83,653538.17,423868.18,120,1,0,53,10541.33,3532.23,0.179,0.6486,0.4468,0.6064,1.2322,80,75,92,1,149000.0
APP-001213,6216.63,2813.24,1086.49,320447.08,212516.16,180,0,0,114,3091.06,1180.65,0.4525,0.6632,0.1899,0.1748,0.8172,100,55,100,1,0.0
APP-001214,2500.0,714.16,952.43,220763.97,174373.92,240,0,1,77,3775.02,726.56,0.2857,0.7899,0.2906,0.381,0.9573,100,75,65,1,25000.0
APP-001215,4090.37,397.51,835.88,320660.15,201111.84,240,1,0,66,6969.52,837.97,0.0972,0.6272,0.2049,0.2044,0.5064,100,75,92,0,185000.0
APP-001216,2706.02,453.58,1247.92,125276.15,77451.3,240,1,0,37,4433.99,322.71,0.1676,0.6182,0.1193,0.4612,0.748,80,75,92,0,71000.0
APP-001217,2500.0,946.47,1072.39,229371.83,200825.31,300,1,0,22,2535.06,669.42,0.3786,0.8755,0.2678,0.429,1.0753,60,75,92,1,0.0
APP-001218,4674.85,1632.59,1733.31,515232.54,430190.53,240,1,0,46,9965.94,1792.46,0.3492,0.8349,0.3834,0.3708,1.1034,80,75,92,0,1000.0
APP-001219,12739.86,915.67,7576.76,1121528.08,895205.4,180,3,0,70,11697.03,4973.36,0.0719,0.7982,0.3904,0.5947,1.057,100,55,76,1,485000.0
APP-001220,8357.8,1675.77,2751.93,799722.57,672033.9,120,2,0,26,6987.64,5600.28,0.2005,0.8403,0.6701,0.3293,1.1998,80,55,84,1,126000.0
APP-001221,12629.8,3138.42,5965.01,903494.31,418276.09,180,2,0,76,30909.99,2323.76,0.2485,0.463,0.184,0.4723,0.9048,100,75,84,1,194000.0
APP-001222,9815.14,1461.82,5410.98,393517.71,352591.32,240,2,0,54,1508.89,1469.13,0.1489,0.896,0.1497,0.5513,0.8499,80,30,84,1,264000.0
APP-001223,11004.19,6053.32,2010.3,405018.3,312256.18,300,1,0,29,220.08,1040.85,0.5501,0.771,0.0946,0.1827,0.8274,80,30,92,1,0.0
APP-001224,5617.13,1419.52,1686.56,418989.99,356728.74,300,1,0,15,2072.53,1189.1,0.2527,0.8514,0.2117,0.3003,0.7647,60,55,92,1,151000.0
APP-001225,10176.64,2150.8,4361.89,603926.59,465223.39,180,1,0,18,15249.88,2584.57,0.2113,0.7703,0.254,0.4286,0.8939,60,75,92,1,234000.0
APP-001226,10831.89,4188.9,5641.51,579913.45,421226.06,240,0,0,45,24970.01,1755.11,0.3867,0.7264,0.162,0.5208,1.0696,80,75,100,0,0.0
APP-001227,6654.73,1123.78,4308.26,458314.89,313583.54,240,0,0,91,3696.92,1306.6,0.1689,0.6842,0.1963,0.6474,1.0126,100,55,100,0,289000.0
APP-001228,10290.53,3715.29,3966.58,834361.61,640563.41,240,0,0,29,28642.18,2669.01,0.361,0.7677,0.2594,0.3855,1.0059,80,75,100,1,0.0
APP-001229,10311.8,0.0,3808.81,452176.22,307241.43,240,0,1,98,12110.98,1280.17,0.0,0.6795,0.1241,0.3694,0.4935,100,75,65,1,200000.0
APP-001230,6741.43,1054.96,1890.19,417430.81,347646.35,120,3,0,14,7051.7,2897.05,0.1565,0.8328,0.4297,0.2804,0.8666,60,75,76,1,119000.0
APP-001231,4907.14,1800.28,2320.08,476864.54,244994.23,120,1,0,50,1889.52,2041.62,0.3669,0.5138,0.4161,0.4728,1.2557,80,55,92,1,0.0
APP-001232,4710.79,2071.94,1754.59,238577.03,154978.48,300,3,1,47,13690.59,516.59,0.4398,0.6496,0.1097,0.3725,0.922,80,75,41,1,0.0
APP-001233,8776.82,980.71,3301.44,751784.48,736748.79,240,1,1,61,8906.19,3069.79,0.1117,0.98,0.3498,0.3762,0.8377,100,75,57,1,286000.0
APP-001234,9546.43,910.97,3866.09,584956.13,373558.56,180,1,0,54,190.93,2075.33,0.0954,0.6386,0.2174,0.405,0.7178,80,30,92,1,344000.0
APP-001235,5963.92,1785.85,3031.22,476065.45,327995.35,180,3,0,37,20050.1,1822.2,0.2994,0.689,0.3055,0.5083,1.1132,80,100,76,1,41000.0
APP-001236,8585.07,1139.89,2831.38,770526.58,466372.37,180,5,0,37,12914.55,2590.96,0.1328,0.6053,0.3018,0.3298,0.7644,80,75,60,0,201000.0
APP-001237,10325.72,1883.4,3061.11,860577.1,657188.25,300,1,0,81,19298.22,2190.63,0.1824,0.7637,0.2122,0.2965,0.691,100,75,92,0,478000.0
APP-001238,10478.21,3590.85,5124.64,904949.3,564946.78,120,2,0,52,27907.71,4707.89,0.3427,0.6243,0.4493,0.4891,1.2811,80,75,84,1,8000.0
APP-001239,13466.02,1936.76,1615.92,663488.35,461702.02,120,0,1,9,22932.85,3847.52,0.1438,0.6959,0.2857,0.12,0.5495,35,75,65,1,217000.0
APP-001240,12586.34,0.0,4070.57,1133347.87,941078.41,240,1,0,39,25517.55,3921.16,0.0,0.8304,0.3115,0.3234,0.635,80,75,92,0,834000.0
APP-001241,5295.87,200.44,1248.72,289427.22,182096.25,240,2,0,41,6349.18,758.73,0.0378,0.6292,0.1433,0.2358,0.4169,80,75,84,0,153000.0
APP-001242,13887.48,3074.6,8506.37,1037002.15,852954.43,120,1,0,41,25141.32,7107.95,0.2214,0.8225,0.5118,0.6125,1.3457,80,75,92,1,197000.0
APP-001243,6800.88,0.0,2376.57,507674.66,419791.01,120,1,0,75,7611.93,3498.26,0.0,0.8269,0.5144,0.3495,0.8638,100,75,92,0,263000.0
APP-001244,11843.59,2112.87,3911.77,932472.2,799263.23,180,1,0,34,13404.71,4440.35,0.1784,0.8571,0.3749,0.3303,0.8836,80,75,92,0,337000.0
APP-001245,8717.56,218.87,3593.55,663102.91,489549.2,180,1,0,57,10964.46,2719.72,0.0251,0.7383,0.312,0.4122,0.7493,80,75,92,1,450000.0
APP-001246,7181.12,3228.57,2332.0,393607.5,385735.35,120,1,1,115,5693.67,3214.46,0.4496,0.98,0.4476,0.3247,1.222,100,55,57,1,0.0
APP-001247,2715.37,1420.46,965.52,124098.89,106363.84,180,1,0,91,4355.29,590.91,0.5231,0.8571,0.2176,0.3556,1.0963,100,75,92,0,0.0
APP-001248,7950.99,571.3,3462.96,681418.25,519400.22,240,0,0,32,12734.79,2164.17,0.0719,0.7622,0.2722,0.4355,0.7796,80,75,100,0,519000.0
APP-001249,3509.97,898.36,1237.17,257439.1,156041.51,300,1,0,53,6623.41,520.14,0.2559,0.6061,0.1482,0.3525,0.7566,80,75,92,1,91000.0
APP-001250,11595.36,991.91,4073.74,1051568.87,743861.22,300,3,1,5,20009.48,2479.54,0.0855,0.7074,0.2138,0.3513,0.6507,35,75,41,0,305000.0
APP-001251,13353.74,2359.55,3450.27,924009.22,836618.75,180,1,0,68,39394.04,4647.88,0.1767,0.9054,0.3481,0.2584,0.7831,100,75,92,1,383000.0
APP-001252,5949.88,2811.24,1400.57,266001.75,250637.35,180,1,0,21,12479.09,1392.43,0.4725,0.9422,0.234,0.2354,0.9419,60,75,92,1,0.0
APP-001253,9466.31,1464.09,4067.69,827263.68,754615.68,300,4,0,48,9120.53,2515.39,0.1547,0.9122,0.2657,0.4297,0.8501,80,55,68,1,377000.0
APP-001254,6178.75,1111.89,2898.18,391320.62,321694.9,240,0,0,44,9625.03,1340.4,0.18,0.8221,0.2169,0.4691,0.8659,80,75,100,0,252000.0
APP-001255,6488.85,571.32,1242.58,494165.18,275133.47,240,2,0,89,15712.28,1146.39,0.088,0.5568,0.1767,0.1915,0.4562,100,75,84,0,231000.0
APP-001256,10978.38,4176.91,5945.79,640541.78,501756.25,180,2,0,57,3238.89,2787.53,0.3805,0.7833,0.2539,0.5416,1.176,80,30,84,1,0.0
APP-001257,8376.68,0.0,4542.23,834295.56,466052.26,180,0,0,44,24818.57,2589.18,0.0,0.5586,0.3091,0.5422,0.8513,80,75,100,1,466000.0
APP-001258,14066.87,2222.68,8101.82,762731.68,401676.43,240,1,1,71,6369.83,1673.65,0.158,0.5266,0.119,0.576,0.8529,100,55,57,0,229000.0
APP-001259,6956.86,1485.82,3255.69,444725.82,334029.4,240,1,1,97,13637.16,1391.79,0.2136,0.7511,0.2001,0.468,0.8816,100,75,57,0,130000.0
APP-001260,11697.88,1490.88,6105.51,841475.93,663096.43,120,2,0,7,13522.05,5525.8,0.1274,0.788,0.4724,0.5219,1.1218,35,75,84,1,262000.0
APP-001261,8811.72,3003.88,6781.54,443588.46,371478.29,300,1,1,33,9729.56,1238.26,0.3409,0.8374,0.1405,0.7696,1.251,80,75,57,1,14000.0
APP-001262,11046.49,4289.17,4106.6,838973.72,658282.03,240,1,0,117,220.93,2742.84,0.3883,0.7846,0.2483,0.3718,1.0083,100,30,92,0,0.0
APP-001263,7069.1,157.74,1786.29,699942.17,552328.69,240,1,0,149,13903.14,2301.37,0.0223,0.7891,0.3256,0.2527,0.6006,100,75,92,0,508000.0
APP-001264,8341.41,4279.88,1456.0,510258.18,302070.37,180,1,1,29,166.83,1678.17,0.5131,0.592,0.2012,0.1746,0.8888,80,30,57,0,0.0
APP-001265,8130.4,168.66,5698.66,626956.32,442852.5,240,4,0,81,162.61,1845.22,0.0207,0.7064,0.227,0.7009,0.9486,100,30,68,1,301000.0
APP-001266,5824.62,2332.23,4094.74,120000.0,62888.98,240,5,1,29,12777.65,262.04,0.4004,0.5241,0.045,0.703,1.1484,80,75,25,1,0.0
APP-001267,10618.66,2558.84,2888.96,735865.5,338175.83,120,0,0,24,29314.35,2818.13,0.241,0.4596,0.2654,0.2721,0.7784,60,75,100,0,139000.0
APP-001268,10580.8,1581.64,3212.63,681035.51,555918.09,240,2,0,45,5813.92,2316.33,0.1495,0.8163,0.2189,0.3036,0.672,80,55,84,0,428000.0
APP-001269,10399.38,1691.86,3828.65,574742.71,357543.89,240,2,0,86,21347.82,1489.77,0.1627,0.6221,0.1433,0.3682,0.6741,100,75,84,0,300000.0
APP-001270,13418.29,2889.07,8264.07,1200482.2,1000511.64,240,1,1,42,25050.25,4168.8,0.2153,0.8334,0.3107,0.6159,1.1419,80,75,57,1,247000.0
APP-001271,13137.9,3273.68,2811.93,842502.39,727993.84,180,1,0,85,14026.46,4044.41,0.2492,0.8641,0.3078,0.214,0.7711,100,75,92,1,219000.0
APP-001272,7300.18,665.62,876.02,487691.28,311873.09,300,1,0,90,17171.73,1039.58,0.0912,0.6395,0.1424,0.12,0.3536,100,75,92,0,287000.0
APP-001273,9693.77,1815.14,7433.2,612748.16,488201.24,240,2,0,36,9720.33,2034.17,0.1872,0.7967,0.2098,0.7668,1.1639,80,75,84,1,318000.0
APP-001274,6504.48,729.19,3056.97,230891.49,146396.66,120,2,0,35,10509.81,1219.97,0.1121,0.634,0.1876,0.47,0.7696,80,75,84,0,123000.0
APP-001275,8574.74,427.82,4224.83,425514.84,204262.33,120,0,0,43,185.28,1702.19,0.0499,0.48,0.1985,0.4927,0.7411,80,30,100,0,204000.0
APP-001276,6580.8,694.78,2547.97,574501.91,422850.77,180,1,0,49,395.33,2349.17,0.1056,0.736,0.357,0.3872,0.8497,80,30,92,1,266000.0
APP-001277,13684.22,807.42,6767.2,438181.04,288667.71,180,1,0,46,30134.59,1603.71,0.059,0.6588,0.1172,0.4945,0.6707,80,75,92,0,266000.0
APP-001278,9663.83,1557.6,1717.52,543168.59,360005.85,240,1,0,52,15907.49,1500.02,0.1612,0.6628,0.1552,0.1777,0.4941,80,75,92,0,331000.0
APP-001279,7802.31,2188.91,2227.19,490024.18,478652.98,240,0,0,38,7972.31,1994.39,0.2805,0.9768,0.2556,0.2855,0.8216,80,75,100,0,130000.0
APP-001280,12319.58,2918.5,5381.5,1249022.95,651538.57,180,1,0,22,35320.98,3619.66,0.2369,0.5216,0.2938,0.4368,0.9675,60,75,92,0,231000.0
APP-001281,2500.0,1241.02,300.0,209587.17,161334.6,300,1,0,132,7143.96,537.78,0.4964,0.7698,0.2151,0.12,0.8315,100,75,92,1,0.0
APP-001282,2500.0,0.0,928.99,149927.33,88558.33,180,1,0,33,3863.13,491.99,0.0,0.5907,0.1968,0.3716,0.5684,80,75,92,1,81000.0
APP-001283,11046.68,3156.12,3995.96,1032657.76,865443.6,240,4,0,15,220.93,3606.02,0.2857,0.8381,0.3264,0.3617,0.9739,60,30,68,1,116000.0
APP-001284,8693.5,1920.38,3230.24,492666.81,373833.63,300,1,0,74,9124.36,1246.11,0.2209,0.7588,0.1433,0.3716,0.7358,100,75,92,0,310000.0
APP-001285,9301.43,3108.48,3086.46,820049.22,630875.97,240,1,0,25,3726.86,2628.65,0.3342,0.7693,0.2826,0.3318,0.9486,80,55,92,1,32000.0
APP-001286,4255.53,1363.07,1109.24,193797.84,115729.16,240,1,1,70,5236.7,482.2,0.3203,0.5972,0.1133,0.2607,0.6943,100,75,57,1,17000.0
APP-001287,8425.65,1659.02,1082.48,752567.8,466948.43,240,1,1,32,2589.48,1945.62,0.1969,0.6205,0.2309,0.1285,0.5563,80,55,57,1,176000.0
APP-001288,14911.23,3640.89,6608.05,934778.97,785721.51,120,1,0,146,1094.43,6547.68,0.2442,0.8405,0.4391,0.4432,1.1264,100,30,92,1,174000.0
APP-001289,11137.44,1290.05,4142.91,573432.46,544877.65,120,2,0,105,222.75,4540.65,0.1158,0.9502,0.4077,0.372,0.8955,100,30,84,1,263000.0
APP-001290,9043.06,2766.41,1808.2,597668.69,467639.9,240,3,0,44,11760.79,1948.5,0.3059,0.7824,0.2155,0.2,0.7213,80,75,76,1,73000.0
APP-001291,7095.03,0.0,3050.9,532071.69,321017.63,120,1,1,66,141.9,2675.15,0.0,0.6033,0.377,0.43,0.8071,100,30,57,1,170000.0
APP-001292,7237.37,2379.33,2698.15,442163.51,337840.34,180,2,0,58,6237.04,1876.89,0.3288,0.7641,0.2593,0.3728,0.9609,80,55,84,1,23000.0
APP-001293,2500.0,541.89,865.59,199927.91,195929.35,180,0,0,31,4437.39,1088.5,0.2168,0.98,0.4354,0.3462,0.9984,80,75,100,1,60000.0
APP-001294,9324.45,1415.56,1118.93,554861.71,406888.4,300,1,1,72,4663.29,1356.29,0.1518,0.7333,0.1455,0.12,0.4173,100,55,57,0,232000.0
APP-001295,11205.55,2100.43,5930.45,909517.22,827696.43,300,2,0,52,1945.89,2758.99,0.1874,0.91,0.2462,0.5292,0.9629,80,30,84,1,459000.0
APP-001296,3458.02,683.69,770.14,269587.09,168156.88,240,1,0,56,3765.57,700.65,0.1977,0.6238,0.2026,0.2227,0.623,80,75,92,0,116000.0
APP-001297,6383.47,2563.74,2745.68,439842.41,314280.08,240,0,0,69,2580.55,1309.5,0.4016,0.7145,0.2051,0.4301,1.0369,100,55,100,0,0.0
APP-001298,4796.11,3226.29,1394.12,297623.37,238260.45,180,2,1,47,6316.92,1323.67,0.6727,0.8005,0.276,0.2907,1.2394,80,75,49,1,0.0
APP-001299,5410.88,2114.47,1936.03,393520.77,303661.35,120,2,0,29,1192.84,2530.51,0.3908,0.7717,0.4677,0.3578,1.2163,80,30,84,1,0.0
APP-001300,8671.14,1221.37,5240.55,692863.79,429831.54,240,1,1,66,9156.34,1790.96,0.1409,0.6204,0.2065,0.6044,0.9518,100,75,57,0,245000.0
APP-001301,2500.0,770.42,1262.65,267780.96,164621.76,240,0,0,76,2095.55,685.92,0.3082,0.6148,0.2744,0.5051,1.0876,100,55,100,1,25000.0
APP-001302,10465.67,3289.0,6287.84,909566.45,771746.19,180,2,0,76,11926.99,4287.48,0.3143,0.8485,0.4097,0.6008,1.3247,100,75,84,1,57000.0
APP-001303,10912.34,987.32,5160.03,955569.48,836029.28,240,1,1,77,28608.18,3483.46,0.0905,0.8749,0.3192,0.4729,0.8826,100,75,57,1,387000.0
APP-001304,7696.47,334.7,3720.34,966624.66,885987.54,240,1,0,61,10235.0,3691.61,0.0435,0.9166,0.4797,0.4834,1.0065,100,75,92,1,521000.0
APP-001305,2500.0,527.85,337.54,198218.13,189201.38,180,0,0,15,4010.0,1051.12,0.2111,0.9545,0.4204,0.135,0.7666,60,75,100,1,62000.0
APP-001306,5311.46,1769.14,1960.97,418137.19,308376.4,180,2,0,150,3121.47,1713.2,0.3331,0.7375,0.3225,0.3692,1.0248,100,55,84,0,14000.0
APP-001307,12445.29,0.0,4779.17,1028880.08,699169.38,240,1,0,76,16812.72,2913.21,0.0,0.6795,0.2341,0.384,0.6181,100,75,92,0,643000.0
APP-001308,2500.0,297.69,1539.47,129596.53,116070.39,240,2,0,39,2256.69,483.63,0.1191,0.8956,0.1935,0.6158,0.9283,80,55,84,1,87000.0
APP-001309,7387.93,2217.64,2504.53,458123.54,372316.55,300,2,0,82,8693.3,1241.06,0.3002,0.8127,0.168,0.339,0.8072,100,75,84,1,93000.0
APP-001310,4724.0,1066.87,2184.27,287639.26,170363.22,240,1,0,23,8191.65,709.85,0.2258,0.5923,0.1503,0.4624,0.8385,60,75,92,0,130000.0
APP-001311,11074.62,4632.28,5051.37,904321.22,529595.25,240,0,1,70,7749.91,2206.65,0.4183,0.5856,0.1993,0.4561,1.0737,100,55,65,1,0.0
APP-001312,6339.64,142.06,3836.92,423898.82,332315.87,240,0,0,42,5019.46,1384.65,0.0224,0.784,0.2184,0.6052,0.846,80,55,100,1,332000.0
APP-001313,9792.65,5379.13,3903.36,709850.03,494733.03,120,0,0,24,6974.59,4122.78,0.5493,0.697,0.421,0.3986,1.3689,60,55,100,1,0.0
APP-001314,10309.47,48.26,5695.43,923462.65,661720.19,240,1,1,24,7163.56,2757.17,0.0047,0.7166,0.2674,0.5524,0.8246,60,55,57,0,377000.0
APP-001315,14375.92,0.0,2116.45,1229669.18,1056813.77,240,1,0,64,18773.69,4403.39,0.0,0.8594,0.3063,0.1472,0.4535,100,75,92,1,905000.0
APP-001316,7850.59,1662.38,1269.89,526688.12,431186.31,240,0,0,68,6456.45,1796.61,0.2118,0.8187,0.2289,0.1618,0.6024,100,55,100,0,260000.0
APP-001317,9703.34,593.61,1164.4,562212.49,501990.27,120,1,1,27,24240.51,4183.25,0.0612,0.8929,0.4311,0.12,0.6123,80,75,57,1,192000.0
APP-001318,3747.82,804.19,2045.4,338934.12,158926.31,300,1,0,42,13346.92,529.75,0.2146,0.4689,0.1413,0.5458,0.9017,80,100,92,0,140000.0
APP-001319,12309.32,2581.0,6496.7,1033122.02,777880.68,300,1,1,60,7863.84,2592.94,0.2097,0.7529,0.2106,0.5278,0.9481,100,55,57,1,295000.0
APP-001320,6066.37,1168.33,3418.35,249251.3,201970.7,120,1,0,36,8581.5,1683.09,0.1926,0.8103,0.2774,0.5635,1.0335,80,75,92,1,105000.0
APP-001321,6705.59,684.39,2089.61,431593.21,225094.78,180,1,0,136,13975.83,1250.53,0.1021,0.5215,0.1865,0.3116,0.6002,100,75,92,0,207000.0
APP-001322,8428.81,2364.89,2780.09,615128.26,390522.52,180,0,0,64,7677.18,2169.57,0.2806,0.6349,0.2574,0.3298,0.8678,100,55,100,0,105000.0
APP-001323,3498.77,614.29,1401.72,293962.94,179534.02,240,1,0,47,892.35,748.06,0.1756,0.6107,0.2138,0.4006,0.79,80,30,92,0,135000.0
APP-001324,9232.06,3457.53,6010.0,797482.56,576436.95,240,2,0,89,25059.11,2401.82,0.3745,0.7228,0.2602,0.651,1.2857,100,75,84,1,0.0
APP-001325,11595.89,2258.28,8012.91,870971.03,811414.91,180,2,0,67,20496.22,4507.86,0.1947,0.9316,0.3887,0.691,1.2745,100,75,84,1,272000.0
APP-001326,9437.39,801.7,5162.34,760034.92,744834.23,240,0,0,60,13559.84,3103.48,0.0849,0.98,0.3288,0.547,0.9608,100,75,100,1,600000.0
APP-001327,3415.53,0.0,1615.42,243030.04,149255.11,180,1,0,65,8386.73,829.2,0.0,0.6141,0.2428,0.473,0.7157,100,75,92,0,137000.0
APP-001328,8103.81,1587.57,5135.07,468972.93,369762.85,240,0,0,77,14937.02,1540.68,0.1959,0.7885,0.1901,0.6337,1.0197,100,75,100,0,300000.0
APP-001329,10874.49,460.11,4122.14,710074.36,562835.98,180,0,0,33,12036.52,3126.87,0.0423,0.7926,0.2875,0.3791,0.7089,80,75,100,0,563000.0
APP-001330,2500.0,77.51,893.62,175854.6,135476.87,240,1,0,13,677.58,564.49,0.031,0.7704,0.2258,0.3574,0.6142,60,30,92,0,125000.0
APP-001331,5060.75,1487.07,2021.04,351093.36,270997.5,240,1,0,94,3572.9,1129.16,0.2938,0.7719,0.2231,0.3994,0.9163,100,55,92,1,63000.0
APP-001332,11304.94,0.0,2977.79,407652.59,309606.65,180,2,0,52,25259.09,1720.04,0.0,0.7595,0.1521,0.2634,0.4156,80,75,84,1,260000.0
APP-001333,9364.31,3911.54,3670.79,588502.58,552829.98,240,0,0,38,16517.48,2303.46,0.4177,0.9394,0.246,0.392,1.0557,80,75,100,1,0.0
APP-001334,9818.31,2379.57,2368.32,697214.83,601919.96,300,1,0,28,9641.58,2006.4,0.2424,0.8633,0.2044,0.2412,0.6879,80,55,92,1,292000.0
APP-001335,14450.38,3090.39,8439.04,938340.56,546283.1,240,1,0,26,39592.7,2276.18,0.2139,0.5822,0.1575,0.584,0.9554,80,75,92,0,434000.0
APP-001336,9999.37,751.28,5069.58,655530.34,539792.36,300,1,0,55,10084.37,1799.31,0.0751,0.8234,0.1799,0.507,0.7621,80,75,92,0,482000.0
APP-001337,10605.24,3468.04,6879.94,835521.71,698503.28,240,3,0,49,21621.61,2910.43,0.327,0.836,0.2744,0.6487,1.2502,80,75,76,0,44000.0
APP-001338,17174.39,3771.38,2736.13,868659.31,661002.61,240,2,0,90,23151.68,2754.18,0.2196,0.7609,0.1604,0.1593,0.5393,100,75,84,0,452000.0
APP-001339,7815.83,968.74,5660.78,318066.89,275791.08,180,2,1,69,22585.06,1532.17,0.1239,0.8671,0.196,0.7243,1.0443,100,75,49,1,125000.0
APP-001340,5946.78,1474.65,1001.46,379005.49,282150.49,240,1,0,76,10869.16,1175.63,0.248,0.7444,0.1977,0.1684,0.6141,100,75,92,0,134000.0
APP-001341,9868.95,0.0,2252.79,826564.5,616667.37,180,1,0,87,11759.28,3425.93,0.0,0.7461,0.3471,0.2283,0.5754,100,75,92,0,567000.0
APP-001342,9904.77,0.0,3176.15,994200.87,731494.5,120,1,0,57,9796.6,6095.79,0.0,0.7358,0.6154,0.3207,0.9361,80,55,92,0,383000.0
APP-001343,6814.51,430.5,4287.93,572952.54,262199.28,180,2,1,113,7742.41,1456.66,0.0632,0.4576,0.2138,0.6292,0.9062,100,75,49,0,128000.0
APP-001344,5196.33,1397.47,2370.0,226410.59,160649.23,120,1,0,32,2583.32,1338.74,0.2689,0.7095,0.2576,0.4561,0.9827,80,55,92,1,47000.0
APP-001345,15891.5,3488.88,6054.46,1045937.19,662211.52,300,1,0,86,317.83,2207.37,0.2195,0.6331,0.1389,0.381,0.7394,100,30,92,0,572000.0
APP-001346,9545.9,3501.98,2798.66,712309.44,402997.45,300,0,0,12,13630.23,1343.32,0.3669,0.5658,0.1407,0.2932,0.8008,60,75,100,0,0.0
APP-001347,6156.69,561.5,1230.42,450648.79,408478.14,240,3,0,13,4123.95,1701.99,0.0912,0.9064,0.2764,0.1999,0.5675,60,55,76,1,274000.0
APP-001348,11430.98,3434.48,6872.54,911134.39,715738.87,120,1,0,23,7629.52,5964.49,0.3005,0.7855,0.5218,0.6012,1.4235,60,55,92,1,63000.0
APP-001349,8150.74,1663.22,4464.83,436008.26,312235.09,300,3,0,47,8721.64,1040.78,0.2041,0.7161,0.1277,0.5478,0.8795,80,75,76,1,237000.0
APP-001350,7690.78,676.59,4894.35,547344.89,353899.83,240,0,0,11,9205.87,1474.58,0.088,0.6466,0.1917,0.6364,0.9161,35,75,100,1,354000.0
APP-001351,10299.27,2821.41,4979.6,798871.48,605945.65,180,2,0,46,11912.53,3366.36,0.2739,0.7585,0.3269,0.4835,1.0843,80,75,84,1,118000.0
APP-001352,4365.98,920.17,523.92,370505.86,314517.49,240,4,0,39,11851.29,1310.49,0.2108,0.8489,0.3002,0.12,0.6309,80,75,68,1,99000.0
APP-001353,9628.41,1270.21,2126.59,534348.41,327285.43,240,1,1,143,16812.56,1363.69,0.1319,0.6125,0.1416,0.2209,0.4944,100,75,57,0,187000.0
APP-001354,14621.46,3302.69,7228.55,932661.35,670930.75,120,1,0,19,44552.07,5591.09,0.2259,0.7194,0.3824,0.4944,1.1026,60,100,92,1,200000.0
APP-001355,9991.77,2017.0,3605.48,213137.23,177511.05,240,1,0,54,7542.87,739.63,0.2019,0.8328,0.074,0.3608,0.6367,80,55,92,0,157000.0
APP-001356,7296.12,1448.16,2411.99,429111.77,200961.56,240,0,0,68,13536.85,837.34,0.1985,0.4683,0.1148,0.3306,0.6438,100,75,100,0,201000.0
APP-001357,6877.26,1115.75,1674.5,416490.71,296756.27,180,0,0,13,5535.71,1648.65,0.1622,0.7125,0.2397,0.2435,0.6454,60,55,100,0,232000.0
APP-001358,7186.91,268.12,4108.14,371185.89,246538.74,240,1,0,109,4635.42,1027.24,0.0373,0.6642,0.1429,0.5716,0.7519,100,55,92,0,227000.0
APP-001359,7687.32,1771.67,3789.78,561028.4,394179.74,240,0,0,75,23684.54,1642.42,0.2305,0.7026,0.2137,0.493,0.9371,100,100,100,1,221000.0
APP-001360,7291.02,784.66,3646.9,503029.15,329377.6,240,0,0,94,3344.15,1372.41,0.1076,0.6548,0.1882,0.5002,0.796,100,55,100,0,329000.0
APP-001361,11432.2,882.04,3642.57,335353.77,247454.6,300,1,0,58,228.64,824.85,0.0772,0.7379,0.0722,0.3186,0.4679,80,30,92,0,228000.0
APP-001362,2953.73,550.29,1323.88,218219.11,211688.14,240,1,1,30,1514.81,882.03,0.1863,0.9701,0.2986,0.4482,0.9331,80,55,57,1,66000.0
APP-001363,11258.4,3633.8,2318.75,599962.01,406708.29,240,0,0,17,225.17,1694.62,0.3228,0.6779,0.1505,0.206,0.6792,60,30,100,1,74000.0
APP-001364,7285.0,1792.01,2908.37,573638.64,434773.59,240,0,0,79,2140.39,1811.56,0.246,0.7579,0.2487,0.3992,0.8939,100,30,100,0,182000.0
APP-001365,9706.23,1413.62,1164.75,455481.26,446060.56,240,1,0,38,3661.2,1858.59,0.1456,0.9793,0.1915,0.12,0.4571,80,55,92,1,335000.0
APP-001366,4893.64,685.17,827.52,345197.85,223860.11,240,0,0,10,5783.08,932.75,0.14,0.6485,0.1906,0.1691,0.4997,35,75,100,0,224000.0
APP-001367,12751.62,3940.43,4698.08,827619.12,791127.57,120,0,0,40,255.03,6592.73,0.309,0.9559,0.517,0.3684,1.1945,80,30,100,1,63000.0
APP-001368,12486.03,0.0,9989.06,942143.95,678995.6,240,1,1,49,27798.36,2829.15,0.0,0.7207,0.2266,0.8,1.0266,80,75,57,0,387000.0
APP-001369,11570.69,3837.2,1525.96,835919.28,795499.67,240,0,0,102,231.41,3314.58,0.3316,0.9516,0.2865,0.1319,0.75,100,30,100,1,51000.0
APP-001370,3652.78,0.0,807.36,238917.85,195321.59,240,3,1,42,3780.72,813.84,0.0,0.8175,0.2228,0.221,0.4438,80,75,41,0,78000.0
APP-001371,11153.19,243.62,5071.18,472305.12,358916.04,300,4,0,49,9572.34,1196.39,0.0218,0.7599,0.1073,0.4547,0.5838,80,55,68,0,244000.0
APP-001372,9795.54,1449.77,6887.32,425226.74,302535.23,240,2,0,50,18541.14,1260.56,0.148,0.7115,0.1287,0.7031,0.9798,80,75,84,1,254000.0
APP-001373,3363.13,1761.67,1521.3,200072.84,127821.46,180,0,0,85,4931.66,710.12,0.5238,0.6389,0.2111,0.4523,1.1873,100,75,100,1,0.0
APP-001374,8422.25,3830.76,4483.52,588302.15,429374.03,120,1,0,31,18682.11,3578.12,0.4548,0.7299,0.4248,0.5323,1.412,80,75,92,0,0.0
APP-001375,9666.51,3082.73,3537.78,570822.29,477582.46,120,2,1,63,7971.89,3979.85,0.3189,0.8367,0.4117,0.366,1.0966,100,55,49,1,18000.0
APP-001376,10279.44,2774.58,3477.54,835243.78,599951.86,180,0,0,36,7521.75,3333.07,0.2699,0.7183,0.3242,0.3383,0.9325,80,55,100,1,148000.0
APP-001377,9067.24,0.0,3927.47,589134.83,399927.72,240,3,0,101,13795.91,1666.37,0.0,0.6788,0.1838,0.4331,0.6169,100,75,76,1,304000.0
APP-001378,9431.94,2282.02,2967.98,496400.87,341225.1,180,0,1,114,19583.37,1895.69,0.2419,0.6874,0.201,0.3147,0.7576,100,75,65,0,119000.0
APP-001379,13215.56,1891.26,7081.99,858935.4,729255.02,180,0,0,54,25011.26,4051.42,0.1431,0.849,0.3066,0.5359,0.9856,80,75,100,1,492000.0
APP-001380,12423.31,1312.72,2024.96,920138.27,809050.89,180,0,0,60,17885.0,4494.73,0.1057,0.8793,0.3618,0.163,0.6305,100,75,100,1,546000.0
APP-001381,2500.0,604.18,1405.99,189619.81,120080.62,240,1,1,43,3398.49,500.34,0.2417,0.6333,0.2001,0.5624,1.0042,80,75,57,1,37000.0
APP-001382,7484.2,1152.9,3190.44,776940.62,491868.35,240,0,0,13,8362.39,2049.45,0.154,0.6331,0.2738,0.4263,0.8542,60,75,100,1,352000.0
APP-001383,7973.12,2724.43,3074.79,462118.91,355515.78,180,1,0,50,12110.66,1975.09,0.3417,0.7693,0.2477,0.3856,0.9751,80,75,92,0,11000.0
APP-001384,2893.28,0.0,454.6,198703.22,182524.63,180,0,0,47,8626.16,1014.03,0.0,0.9186,0.3505,0.1571,0.5076,80,75,100,1,159000.0
APP-001385,8801.39,2028.73,2316.82,683605.67,594038.79,120,1,0,40,8200.11,4950.32,0.2305,0.869,0.5624,0.2632,1.0562,80,55,92,1,116000.0
APP-001386,12496.02,1211.19,7644.87,869453.25,484510.83,120,2,0,42,10271.22,4037.59,0.0969,0.5573,0.3231,0.6118,1.0318,80,55,84,1,319000.0
APP-001387,5022.98,816.99,1942.01,306346.06,210052.34,180,2,1,64,3782.56,1166.96,0.1627,0.6857,0.2323,0.3866,0.7816,100,55,49,0,83000.0
APP-001388,9576.48,2515.24,4448.7,403297.98,241584.18,120,2,0,61,14368.89,2013.2,0.2626,0.599,0.2102,0.4645,0.9374,100,75,84,1,84000.0
APP-001389,5569.36,354.08,1555.38,338645.11,232047.54,180,1,1,43,111.39,1289.15,0.0636,0.6852,0.2315,0.2793,0.5743,80,30,57,0,132000.0
APP-001390,6349.88,1542.97,2637.43,321769.81,298786.85,300,1,0,106,6530.5,995.96,0.243,0.9286,0.1568,0.4154,0.8152,100,75,92,1,188000.0
APP-001391,13227.66,2516.86,2651.56,514834.8,275468.49,240,2,0,11,25695.82,1147.79,0.1903,0.5351,0.0868,0.2005,0.4775,35,75,84,0,231000.0
APP-001392,6763.81,862.51,2948.9,376594.21,191892.64,240,0,0,32,4574.99,799.55,0.1275,0.5095,0.1182,0.436,0.6817,80,55,100,0,192000.0
APP-001393,9979.08,1537.97,4783.0,510453.38,312544.46,120,1,0,79,13152.77,2604.54,0.1541,0.6123,0.261,0.4793,0.8944,100,75,92,0,216000.0
APP-001394,2512.1,498.31,1183.95,202244.71,153170.11,180,0,0,15,7657.9,850.95,0.1984,0.7574,0.3387,0.4713,1.0084,60,100,100,0,69000.0
APP-001395,14459.42,1626.73,3982.51,1168605.0,935699.83,300,0,0,11,20943.6,3119.0,0.1125,0.8007,0.2157,0.2754,0.6036,35,75,100,0,935000.0
APP-001396,10428.49,2304.63,3809.23,560324.45,435298.3,180,1,0,32,208.57,2418.32,0.221,0.7769,0.2319,0.3653,0.8182,80,30,92,1,223000.0
APP-001397,7916.0,1433.23,4005.11,517040.58,451293.23,240,2,0,47,158.32,1880.39,0.1811,0.8728,0.2375,0.506,0.9245,80,30,84,1,270000.0
APP-001398,10341.75,1390.14,3993.67,378007.8,185525.8,300,1,0,36,9556.78,618.42,0.1344,0.4908,0.0598,0.3862,0.5804,80,55,92,0,171000.0
APP-001399,3988.58,1765.26,1491.85,243709.61,213120.09,240,0,0,55,1701.35,888.0,0.4426,0.8745,0.2226,0.374,1.0392,80,55,100,1,0.0
APP-001400,12284.1,3416.62,8900.5,948107.28,644170.26,180,1,0,12,15269.69,3578.72,0.2781,0.6794,0.2913,0.7246,1.294,35,75,92,1,146000.0
APP-001401,7463.25,1242.04,1998.97,633248.31,516157.06,240,2,0,29,6604.09,2150.65,0.1664,0.8151,0.2882,0.2678,0.7224,80,55,84,0,276000.0
APP-001402,7846.98,1886.57,4652.21,448573.67,245798.05,120,2,0,72,17259.15,2048.32,0.2404,0.548,0.261,0.5929,1.0943,100,75,84,1,87000.0
APP-001403,6926.7,528.13,1629.51,616015.08,443927.8,120,2,0,63,1162.31,3699.4,0.0762,0.7206,0.5341,0.2353,0.8456,100,30,84,0,191000.0
APP-001404,6641.92,1055.08,3485.44,283726.33,212997.67,120,1,0,33,6397.83,1774.98,0.1589,0.7507,0.2672,0.5248,0.9509,80,55,92,1,140000.0
APP-001405,10722.95,1878.54,5718.59,509797.8,443650.33,300,0,1,53,14428.07,1478.83,0.1752,0.8702,0.1379,0.5333,0.8464,80,75,65,1,265000.0
APP-001406,9318.9,423.53,3152.97,771361.98,396415.96,240,0,0,47,13577.84,1651.73,0.0454,0.5139,0.1772,0.3383,0.561,80,75,100,1,396000.0
APP-001407,10585.59,2902.88,2383.91,1059408.18,767009.23,180,3,0,48,13572.05,4261.16,0.2742,0.724,0.4025,0.2252,0.902,80,75,76,1,110000.0
APP-001408,8471.86,1264.12,1016.62,668275.12,386877.44,180,1,1,58,169.44,2149.32,0.1492,0.5789,0.2537,0.12,0.5229,80,30,57,1,175000.0
APP-001409,10142.24,1726.56,3261.56,702591.84,552036.59,240,1,0,118,12423.87,2300.15,0.1702,0.7857,0.2268,0.3216,0.7186,100,75,92,0,403000.0
APP-001410,7159.68,1005.07,3609.88,218275.09,179212.17,300,0,0,120,7262.22,597.37,0.1404,0.821,0.0834,0.5042,0.728,100,75,100,0,175000.0
APP-001411,15635.14,9916.94,3870.94,525277.49,466095.6,180,2,0,15,30139.84,2589.42,0.6343,0.8873,0.1656,0.2476,1.0475,60,75,84,0,0.0
APP-001412,3482.62,443.11,1516.72,251895.91,163844.73,180,4,1,42,6271.07,910.25,0.1272,0.6504,0.2614,0.4355,0.8241,80,75,33,1,49000.0
APP-001413,12535.0,0.0,2303.57,796660.28,669624.39,300,0,0,22,17132.34,2232.08,0.0,0.8405,0.1781,0.1838,0.3618,60,75,100,1,637000.0
APP-001414,12877.3,0.0,4926.57,645088.11,578590.62,300,0,0,61,18438.34,1928.64,0.0,0.8969,0.1498,0.3826,0.5323,100,75,100,0,516000.0
APP-001415,5773.09,1883.77,1365.18,410926.29,208083.99,300,1,0,43,13665.74,693.61,0.3263,0.5064,0.1201,0.2365,0.6829,80,75,92,0,38000.0
APP-001416,15633.68,6364.52,6371.08,1126755.96,900959.52,180,2,1,87,34163.75,5005.33,0.4071,0.7996,0.3202,0.4075,1.1348,100,75,49,1,0.0
APP-001417,11685.57,1455.42,3971.08,1016638.48,858659.43,120,2,1,49,16334.07,7155.5,0.1245,0.8446,0.6123,0.3398,1.0767,80,75,49,0,155000.0
APP-001418,11607.64,4632.06,2664.44,841076.49,577285.95,240,2,0,109,35761.72,2405.36,0.3991,0.6864,0.2072,0.2295,0.8358,100,100,84,1,0.0
APP-001419,8589.67,2781.53,2702.14,791204.03,445130.94,180,0,1,122,5021.72,2472.95,0.3238,0.5626,0.2879,0.3146,0.9263,100,55,65,1,26000.0
APP-001420,7804.88,1510.03,2111.49,547464.4,461284.88,300,2,0,106,648.59,1537.62,0.1935,0.8426,0.197,0.2705,0.661,100,30,84,0,308000.0
APP-001421,7829.89,1437.08,1642.49,531837.33,299990.22,120,1,1,9,8928.0,2499.92,0.1835,0.5641,0.3193,0.2098,0.7126,35,75,57,1,89000.0
APP-001422,9749.7,2391.81,5783.9,869259.85,605712.71,240,0,0,58,7932.07,2523.8,0.2453,0.6968,0.2589,0.5932,1.0974,80,55,100,1,245000.0
APP-001423,12983.8,4451.41,4704.96,680195.94,486193.09,300,1,0,39,259.68,1620.64,0.3428,0.7148,0.1248,0.3624,0.83,80,30,92,0,26000.0
APP-001424,9080.21,2502.7,1089.62,1095618.09,890759.36,300,1,1,43,5110.86,2969.2,0.2756,0.813,0.327,0.12,0.7226,80,55,57,1,115000.0
APP-001425,5583.38,699.3,1788.22,428550.32,273645.62,240,2,0,79,8147.42,1140.19,0.1252,0.6385,0.2042,0.3203,0.6497,100,75,84,0,230000.0
APP-001426,11138.17,2178.75,6308.14,856022.98,540154.03,300,2,0,41,12227.2,1800.51,0.1956,0.631,0.1617,0.5664,0.9236,80,75,84,1,433000.0
APP-001427,11447.68,5693.81,3413.5,909538.14,666563.22,120,1,0,51,5165.02,5554.69,0.4974,0.7329,0.4852,0.2982,1.2808,80,55,92,1,0.0
APP-001428,10594.91,2703.5,6988.82,1099629.41,935598.53,180,0,0,53,12587.74,5197.77,0.2552,0.8508,0.4906,0.6596,1.4054,80,75,100,0,181000.0
APP-001429,10885.6,3719.67,3079.91,917276.24,898930.72,120,1,0,11,13724.18,7491.09,0.3417,0.98,0.6882,0.2829,1.3128,35,75,92,1,10000.0
APP-001430,7633.03,2256.2,3820.68,313786.17,164432.57,300,3,0,37,13690.35,548.11,0.2956,0.524,0.0718,0.5005,0.8679,80,75,76,0,95000.0
APP-001431,5527.23,1427.52,3238.2,526538.01,400692.51,300,0,0,91,3165.17,1335.64,0.2583,0.761,0.2416,0.5859,1.0858,100,55,100,1,152000.0
APP-001432,5721.78,1345.87,2815.29,365415.03,211484.11,120,1,0,10,11080.06,1762.37,0.2352,0.5788,0.308,0.492,1.0353,35,75,92,1,73000.0
APP-001433,3266.52,1129.02,653.57,234956.66,200287.74,120,4,0,68,550.15,1669.06,0.3456,0.8524,0.511,0.2001,1.0567,100,30,68,1,1000.0
APP-001434,9258.24,2968.28,2492.36,434891.07,260060.16,180,0,0,27,6452.63,1444.78,0.3206,0.598,0.1561,0.2692,0.7459,80,55,100,1,49000.0
APP-001435,8232.96,2115.42,4999.15,654287.11,413702.95,180,2,0,39,22056.88,2298.35,0.2569,0.6323,0.2792,0.6072,1.1433,80,75,84,0,116000.0
APP-001436,7092.04,871.42,2065.64,413290.46,265908.93,240,0,0,75,1620.6,1107.95,0.1229,0.6434,0.1562,0.2913,0.5704,100,30,100,1,266000.0
APP-001437,2500.0,684.95,1440.27,179507.63,127467.32,180,1,0,23,1392.77,708.15,0.274,0.7101,0.2833,0.5761,1.1333,60,55,92,1,31000.0
APP-001438,4508.58,949.59,1583.21,292544.97,222923.86,240,1,0,41,100.09,928.85,0.2106,0.762,0.206,0.3512,0.7678,80,30,92,0,139000.0
APP-001439,12086.69,2137.46,5349.93,1264874.9,990246.76,240,1,0,15,4900.67,4126.03,0.1768,0.7829,0.3414,0.4426,0.9608,60,55,92,1,462000.0
APP-001440,6373.2,3792.23,1263.31,673523.81,484432.14,180,2,0,62,8122.81,2691.29,0.595,0.7193,0.4223,0.1982,1.2155,100,75,84,1,0.0
APP-001441,9653.89,43.76,3115.09,683855.13,374146.83,120,5,0,30,17240.77,3117.89,0.0045,0.5471,0.323,0.3227,0.6502,80,75,60,1,224000.0
APP-001442,4049.81,1434.41,1133.75,288150.22,234730.68,300,1,0,18,4589.34,782.44,0.3542,0.8146,0.1932,0.28,0.8273,60,75,92,0,0.0
APP-001443,13103.86,1300.24,5976.62,829186.25,591305.46,240,2,0,49,11240.22,2463.77,0.0992,0.7131,0.188,0.4561,0.7433,80,55,84,1,497000.0
APP-001444,8039.11,1916.26,3496.3,722781.35,629561.0,240,1,0,14,253.26,2623.17,0.2384,0.871,0.3263,0.4349,0.9996,60,30,92,1,198000.0
APP-001445,9428.13,5464.56,4657.72,604149.27,379402.09,180,1,0,38,4672.42,2107.79,0.5796,0.628,0.2236,0.494,1.2972,80,55,92,1,0.0
APP-001446,15942.5,1359.39,5444.62,995065.66,509179.36,300,2,0,28,318.85,1697.26,0.0853,0.5117,0.1065,0.3415,0.5332,80,30,84,0,428000.0
APP-001447,13352.61,1584.39,3620.74,1169884.39,837141.92,240,2,0,56,24206.99,3488.09,0.1187,0.7156,0.2612,0.2712,0.6511,80,75,84,0,623000.0
APP-001448,7518.99,1635.74,3377.81,453474.92,402900.61,240,1,1,56,14101.61,1678.75,0.2175,0.8885,0.2233,0.4492,0.8901,80,75,57,1,136000.0
APP-001449,6601.7,669.34,1685.19,457632.23,339070.0,240,1,0,31,7351.63,1412.79,0.1014,0.7409,0.214,0.2553,0.5707,80,75,92,1,312000.0
APP-001450,7458.26,2563.91,4419.37,309789.15,215006.97,300,0,0,107,11540.2,716.69,0.3438,0.694,0.0961,0.5925,1.0324,100,75,100,0,14000.0
APP-001451,10131.67,1470.77,4069.65,837640.5,508326.23,180,2,0,88,19641.36,2824.03,0.1452,0.6069,0.2787,0.4017,0.8256,100,75,84,1,314000.0
APP-001452,8163.28,2543.36,3002.61,856619.02,812511.39,240,1,0,25,10131.35,3385.46,0.3116,0.9485,0.4147,0.3678,1.0941,80,75,92,1,69000.0
APP-001453,7235.22,245.37,3573.82,600393.33,351921.55,240,2,0,160,17395.27,1466.34,0.0339,0.5862,0.2027,0.4939,0.7305,100,75,84,1,296000.0
APP-001454,13194.98,0.0,5380.67,1270839.99,795162.99,240,0,0,73,3016.2,3313.18,0.0,0.6257,0.2511,0.4078,0.6589,100,30,100,0,795000.0
APP-001455,8134.53,1528.82,1258.51,445529.43,353796.9,300,1,0,59,6802.07,1179.32,0.1879,0.7941,0.145,0.1547,0.4876,80,55,92,0,325000.0
APP-001456,15858.69,6.48,3967.39,1177568.22,563722.29,300,1,0,62,11561.49,1879.07,0.0004,0.4787,0.1185,0.2502,0.3691,100,55,92,0,519000.0
APP-001457,8790.38,3802.34,5179.58,466093.18,412817.24,240,0,0,21,15229.45,1720.07,0.4326,0.8857,0.1957,0.5892,1.2175,60,75,100,0,0.0
APP-001458,14213.02,82.83,6160.23,936641.07,750385.41,240,0,0,96,284.26,3126.61,0.0058,0.8011,0.22,0.4334,0.6592,100,30,100,1,749000.0
APP-001459,9643.42,720.59,1455.67,809081.25,677120.13,300,0,0,11,23657.02,2257.07,0.0747,0.8369,0.2341,0.1509,0.4597,35,75,100,1,647000.0
APP-001460,11581.47,3218.57,5516.7,831929.36,659349.95,300,1,0,61,19174.25,2197.83,0.2779,0.7926,0.1898,0.4763,0.944,100,75,92,0,230000.0
APP-001461,6181.24,852.45,2043.02,275513.29,192598.65,240,2,0,89,16845.53,802.49,0.1379,0.6991,0.1298,0.3305,0.5983,100,75,84,0,162000.0
APP-001462,5767.97,42.83,1615.49,267227.05,155470.2,120,1,0,27,6422.55,1295.59,0.0074,0.5818,0.2246,0.2801,0.5121,80,75,92,0,143000.0
APP-001463,9971.06,5041.32,2361.35,450084.13,315864.63,180,0,0,76,6528.18,1754.8,0.5056,0.7018,0.176,0.2368,0.9184,100,55,100,0,0.0
APP-001464,11663.37,930.4,6764.62,919611.81,545531.46,300,0,0,52,20310.54,1818.44,0.0798,0.5932,0.1559,0.58,0.8157,80,75,100,0,546000.0
APP-001465,8628.82,1661.25,1035.46,924579.03,724130.47,240,0,1,79,17926.45,3017.21,0.1925,0.7832,0.3497,0.12,0.6622,100,75,65,1,212000.0
APP-001466,4383.54,836.0,1253.67,414350.95,341790.38,240,0,0,87,2222.55,1424.13,0.1907,0.8249,0.3249,0.286,0.8016,100,55,100,1,168000.0
APP-001467,4147.17,1324.79,1821.52,148768.5,135674.66,240,1,0,113,82.94,565.31,0.3194,0.912,0.1363,0.4392,0.895,100,30,92,1,28000.0
APP-001468,3933.16,1119.89,2645.2,375929.28,288837.66,240,0,0,99,78.66,1203.49,0.2847,0.7683,0.306,0.6725,1.2633,100,30,100,1,62000.0
APP-001469,2843.61,296.44,1446.31,246982.27,207513.22,240,1,0,13,3939.1,864.64,0.1042,0.8402,0.3041,0.5086,0.9169,60,75,92,1,154000.0
APP-001470,8850.35,1543.36,2519.13,373348.62,254388.99,240,1,0,26,22446.0,1059.95,0.1744,0.6814,0.1198,0.2846,0.5788,80,75,92,0,234000.0
APP-001471,12100.14,2277.62,8042.92,780971.76,513741.94,180,2,1,65,242.0,2854.12,0.1882,0.6578,0.2359,0.6647,1.0888,100,30,49,1,173000.0
APP-001472,8457.07,2747.32,1718.31,758763.23,593032.15,240,2,0,87,7652.55,2470.97,0.3249,0.7816,0.2922,0.2032,0.8202,100,55,84,1,43000.0
APP-001473,2500.0,141.09,1156.13,199769.51,133797.33,240,2,0,23,2090.99,557.49,0.0564,0.6698,0.223,0.4625,0.7419,60,55,84,0,112000.0
APP-001474,7889.57,3964.79,3929.36,366362.19,276601.31,240,1,1,73,22709.95,1152.51,0.5025,0.755,0.1461,0.498,1.1467,100,75,57,1,0.0
APP-001475,7979.04,907.33,2226.32,646249.51,376146.31,180,2,0,103,25395.91,2089.7,0.1137,0.582,0.2619,0.279,0.6546,100,100,84,1,285000.0
APP-001476,15207.2,3326.96,8084.37,479406.69,290227.25,240,1,0,85,23297.54,1209.28,0.2188,0.6054,0.0795,0.5316,0.8299,100,75,92,0,267000.0
APP-001477,3837.16,221.03,1296.11,253211.03,203227.99,120,3,0,72,7513.93,1693.57,0.0576,0.8026,0.4414,0.3378,0.8367,100,75,76,0,102000.0
APP-001478,7249.83,277.36,3851.28,655988.13,547927.01,120,1,0,47,14015.22,4566.06,0.0383,0.8353,0.6298,0.5312,1.1993,80,75,92,0,250000.0
APP-001479,13958.73,1362.09,1754.12,981732.68,581052.91,240,2,1,46,279.17,2421.05,0.0976,0.5919,0.1734,0.1257,0.3967,80,30,49,1,285000.0
APP-001480,9939.93,836.21,4707.51,606525.86,489575.46,120,0,0,145,17679.86,4079.8,0.0841,0.8072,0.4104,0.4736,0.9682,100,75,100,0,317000.0
APP-001481,10302.6,1669.06,3647.77,886108.57,576630.16,300,0,0,2,2393.85,1922.1,0.162,0.6507,0.1866,0.3541,0.7026,35,30,100,1,577000.0
APP-001482,8866.67,735.45,5355.05,776237.37,560556.45,300,2,0,35,8827.81,1868.52,0.0829,0.7221,0.2107,0.604,0.8976,80,55,84,0,471000.0
APP-001483,9555.82,3032.8,3946.2,894240.4,808574.65,120,1,0,26,20791.2,6738.12,0.3174,0.9042,0.7051,0.413,1.4355,80,75,92,1,34000.0
APP-001484,10988.35,1212.92,6811.42,942120.99,777224.7,240,1,0,18,13436.99,3238.44,0.1104,0.825,0.2947,0.6199,1.025,60,75,92,0,581000.0
APP-001485,5909.64,560.62,2962.02,528704.78,435369.01,240,0,0,69,12659.92,1814.04,0.0949,0.8235,0.307,0.5012,0.903,100,75,100,1,362000.0
APP-001486,11309.79,1865.94,4519.38,940887.84,910913.74,240,2,1,64,26231.21,3795.47,0.165,0.9681,0.3356,0.3996,0.9002,100,75,49,0,246000.0
APP-001487,4106.39,1474.18,2242.2,307073.88,192994.61,300,2,0,50,82.13,643.32,0.359,0.6285,0.1567,0.546,1.0617,80,30,84,0,0.0
APP-001488,9550.78,2388.48,5224.75,683942.28,404781.83,240,2,0,64,191.02,1686.59,0.2501,0.5918,0.1766,0.547,0.9737,100,30,84,1,192000.0
APP-001489,9071.97,1869.22,4495.21,596294.54,373354.38,120,2,0,79,19920.99,3111.29,0.206,0.6261,0.343,0.4955,1.0445,100,75,84,0,132000.0
APP-001490,6527.86,126.47,783.34,314495.23,216031.45,120,1,0,43,14571.28,1800.26,0.0194,0.6869,0.2758,0.12,0.4152,80,75,92,0,199000.0
APP-001491,8427.41,505.82,2214.64,445004.12,184190.95,240,2,0,66,11637.7,767.46,0.06,0.4139,0.0911,0.2628,0.4139,100,75,84,0,155000.0
APP-001492,6507.87,266.97,4174.52,422515.35,292817.64,300,1,0,40,9781.29,976.06,0.041,0.693,0.15,0.6415,0.8325,80,75,92,0,269000.0
APP-001493,5070.56,2043.23,1110.7,376976.24,244735.16,240,2,0,68,9906.56,1019.73,0.403,0.6492,0.2011,0.219,0.8231,100,75,84,1,0.0
APP-001494,7368.43,2168.37,4135.12,706887.85,580983.19,180,1,0,103,14272.42,3227.68,0.2943,0.8219,0.438,0.5612,1.2935,100,75,92,0,68000.0
APP-001495,4967.24,493.61,2647.7,343969.44,263416.8,120,3,1,84,4352.46,2195.14,0.0994,0.7658,0.4419,0.533,1.0743,100,55,41,1,61000.0
APP-001496,9532.95,1344.03,2896.87,839496.27,538880.58,300,2,0,124,19163.76,1796.27,0.141,0.6419,0.1884,0.3039,0.6333,100,75,84,0,453000.0
APP-001497,4819.73,503.47,578.37,431016.96,343389.02,180,2,0,35,4039.77,1907.72,0.1045,0.7967,0.3958,0.12,0.6203,80,55,84,0,179000.0
APP-001498,10778.33,1034.5,3545.79,709579.89,577615.2,240,0,0,30,14757.64,2406.73,0.096,0.814,0.2233,0.329,0.6482,80,75,100,0,568000.0
APP-001499,4719.27,1342.36,3551.17,380865.72,236170.66,240,1,1,63,6276.72,984.04,0.2844,0.6201,0.2085,0.7525,1.2454,100,75,57,1,42000.0
APP-001500,6687.86,1202.11,1885.14,438833.69,287834.02,180,3,0,36,2518.01,1599.08,0.1797,0.6559,0.2391,0.2819,0.7007,80,55,76,1,156000.0
APP-001501,6501.27,3324.51,1904.34,609808.94,262646.41,120,3,0,70,3129.14,2188.72,0.5114,0.4307,0.3367,0.2929,1.1409,100,55,76,1,0.0
APP-001502,12740.47,5033.13,3317.45,1037649.84,599983.87,180,0,0,56,40268.78,3333.24,0.3951,0.5782,0.2616,0.2604,0.9171,80,100,100,1,0.0
APP-001503,9556.93,3854.57,5871.45,464192.34,289414.15,180,0,1,26,3319.15,1607.86,0.4033,0.6235,0.1682,0.6144,1.1859,80,55,65,1,0.0
APP-001504,7822.45,2456.17,2981.4,570314.97,416125.53,240,1,0,65,11600.41,1733.86,0.314,0.7296,0.2217,0.3811,0.9168,100,75,92,0,62000.0
APP-001505,10095.9,1623.7,3229.22,1006218.38,600813.25,240,2,0,27,16878.52,2503.39,0.1608,0.5971,0.248,0.3199,0.7286,80,75,84,0,385000.0
APP-001506,2500.0,759.23,1615.39,166844.6,108991.44,180,1,0,108,2753.01,605.51,0.3037,0.6533,0.2422,0.6462,1.192,100,75,92,0,19000.0
APP-001507,8361.97,1431.26,4287.34,652726.13,365988.12,240,1,0,43,14669.75,1524.95,0.1712,0.5607,0.1824,0.5127,0.8662,80,75,92,1,330000.0
APP-001508,14892.05,6675.19,4064.24,1188769.72,882358.15,120,0,0,30,21535.16,7352.98,0.4482,0.7422,0.4938,0.2729,1.2149,80,75,100,0,0.0
APP-001509,8923.51,2468.23,2000.89,458139.97,355215.57,180,0,1,57,3272.91,1973.42,0.2766,0.7753,0.2211,0.2242,0.722,80,55,65,1,77000.0
APP-001510,8717.32,2238.0,5276.66,690348.65,533161.44,240,1,1,60,14236.57,2221.51,0.2567,0.7723,0.2548,0.6053,1.1169,100,75,57,1,111000.0
APP-001511,10254.01,2438.3,4334.23,460517.54,332312.66,240,2,0,34,6765.23,1384.64,0.2378,0.7216,0.135,0.4227,0.7955,80,55,84,0,232000.0
APP-001512,11365.94,5269.67,1956.64,667621.1,346936.32,240,0,0,33,30876.73,1445.57,0.4636,0.5197,0.1272,0.1721,0.763,80,75,100,1,0.0
APP-001513,2500.0,48.19,336.75,223407.53,142848.12,120,0,0,14,3840.53,1190.4,0.0193,0.6394,0.4762,0.1347,0.6301,60,75,100,1,99000.0
APP-001514,3116.56,1487.72,752.44,238172.18,158872.78,240,2,0,81,1620.18,661.97,0.4774,0.6671,0.2124,0.2414,0.9312,100,55,84,0,0.0
APP-001515,9172.93,1778.98,2033.48,591832.07,395090.29,240,1,0,106,13374.69,1646.21,0.1939,0.6676,0.1795,0.2217,0.5951,100,75,92,0,316000.0
APP-001516,6212.4,143.75,745.49,484792.31,353776.0,300,1,0,89,1973.25,1179.25,0.0231,0.7297,0.1898,0.12,0.333,100,55,92,0,325000.0
APP-001517,12698.48,1456.4,3099.43,875158.21,792298.57,240,0,0,29,17549.32,3301.24,0.1147,0.9053,0.26,0.2441,0.6187,80,75,100,0,700000.0
APP-001518,7491.44,0.0,2044.77,526097.1,434331.3,300,1,0,64,7093.44,1447.77,0.0,0.8256,0.1933,0.2729,0.4662,100,55,92,0,387000.0
APP-001519,2500.0,778.78,864.93,204556.83,121020.46,120,1,0,57,1014.54,1008.5,0.3115,0.5916,0.4034,0.346,1.0609,80,55,92,1,11000.0
APP-001520,4442.36,331.57,3069.07,252802.81,204313.31,240,0,0,17,1752.52,851.31,0.0746,0.8082,0.1916,0.6909,0.9571,60,55,100,1,202000.0
APP-001521,2500.0,609.03,943.26,176815.14,142024.87,240,1,0,34,8353.6,591.77,0.2436,0.8032,0.2367,0.3773,0.8576,80,100,92,1,59000.0
APP-001522,7750.8,2935.93,3047.52,498989.98,306984.24,180,1,0,61,9550.94,1705.47,0.3788,0.6152,0.22,0.3932,0.992,100,75,92,0,0.0
APP-001523,7897.17,994.39,3960.28,327409.9,271865.65,240,0,0,10,6013.18,1132.77,0.1259,0.8304,0.1434,0.5015,0.7708,35,55,100,1,262000.0
APP-001524,7141.72,1303.12,2728.34,381594.89,266792.47,240,1,0,23,4324.83,1111.64,0.1825,0.6992,0.1557,0.382,0.7201,60,55,92,0,245000.0
APP-001525,11952.41,448.56,5785.26,1174058.22,630124.15,300,1,0,76,18813.69,2100.41,0.0375,0.5367,0.1757,0.484,0.6973,100,75,92,0,580000.0
APP-001526,12335.26,2043.09,5734.64,948890.39,739352.95,180,1,0,29,7097.14,4107.52,0.1656,0.7792,0.333,0.4649,0.9635,80,55,92,1,377000.0
APP-001527,7954.76,4616.65,3497.02,367314.17,274826.31,300,0,1,17,1311.29,916.09,0.5804,0.7482,0.1152,0.4396,1.1351,60,30,65,1,0.0
APP-001528,2500.0,822.28,2125.0,120000.0,82848.23,240,3,0,86,2802.07,345.2,0.3289,0.6904,0.1381,0.85,1.317,100,75,76,1,10000.0
APP-001529,10475.3,1916.33,5926.72,712121.96,509260.56,240,0,0,29,11669.78,2121.92,0.1829,0.7151,0.2026,0.5658,0.9513,80,75,100,0,420000.0
APP-001530,10277.15,1380.88,2537.68,1008202.64,631657.99,240,1,0,76,7961.39,2631.91,0.1344,0.6265,0.2561,0.2469,0.6374,100,55,92,0,489000.0
APP-001531,9490.05,2031.17,4547.97,632401.51,505489.26,180,1,0,122,3300.99,2808.27,0.214,0.7993,0.2959,0.4792,0.9892,100,55,92,0,214000.0
APP-001532,11640.74,2772.91,3414.49,1088711.31,777722.47,300,1,0,23,9290.77,2592.41,0.2382,0.7144,0.2227,0.2933,0.7542,60,55,92,0,359000.0
APP-001533,4772.55,769.96,2345.23,364311.44,270187.33,300,1,0,44,3471.2,900.62,0.1613,0.7416,0.1887,0.4914,0.8414,80,55,92,1,249000.0
APP-001534,14928.02,4391.95,2985.16,1171588.24,897938.56,300,2,0,57,8993.72,2993.13,0.2942,0.7664,0.2005,0.2,0.6947,80,55,84,0,210000.0
APP-001535,5429.83,469.77,1318.12,249538.92,142213.2,300,2,0,85,7595.52,474.04,0.0865,0.5699,0.0873,0.2428,0.4166,100,75,84,0,119000.0
APP-001536,10897.51,935.29,5176.59,946725.97,571579.37,240,4,0,34,34366.45,2381.58,0.0858,0.6037,0.2185,0.475,0.7794,80,100,68,0,389000.0
APP-001537,3100.49,842.8,1797.13,198341.97,85824.0,240,1,0,6,7281.77,357.6,0.2718,0.4327,0.1153,0.5796,0.9668,35,75,92,1,54000.0
APP-001538,5523.15,311.45,2763.91,472426.56,374831.02,300,0,0,23,16004.59,1249.44,0.0564,0.7934,0.2262,0.5004,0.783,60,75,100,0,375000.0
APP-001539,13352.38,4300.3,7432.72,738986.66,415615.48,120,1,0,39,8533.21,3463.46,0.3221,0.5624,0.2594,0.5567,1.1381,80,55,92,0,41000.0
APP-001540,7665.12,1671.0,3677.81,560986.32,413578.23,240,0,0,76,20367.91,1723.24,0.218,0.7372,0.2248,0.4798,0.9226,100,75,100,0,243000.0
APP-001541,11187.75,0.0,5007.63,854028.86,656089.28,240,1,0,45,15154.35,2733.71,0.0,0.7682,0.2443,0.4476,0.6919,80,75,92,0,604000.0
APP-001542,9258.26,2178.74,3142.34,622408.57,496872.41,240,2,0,73,18865.8,2070.3,0.2353,0.7983,0.2236,0.3394,0.7984,100,75,84,0,214000.0
APP-001543,8164.13,0.0,4490.93,630939.07,355520.16,180,0,0,38,12751.83,1975.11,0.0,0.5635,0.2419,0.5501,0.792,80,75,100,0,356000.0
APP-001544,12864.32,4078.9,7512.51,838816.16,596842.01,180,3,1,54,10819.66,3315.79,0.3171,0.7115,0.2578,0.584,1.1588,80,55,41,0,31000.0
APP-001545,7742.69,1433.79,3173.74,451529.97,423145.2,120,0,0,79,13917.86,3526.21,0.1852,0.9371,0.4554,0.4099,1.0505,100,75,100,1,153000.0
APP-001546,2801.64,1342.41,1124.27,277078.36,261246.36,240,1,0,92,4444.62,1088.53,0.4792,0.9429,0.3885,0.4013,1.269,100,75,92,1,0.0
APP-001547,5929.63,2193.87,4000.28,527032.49,447109.07,240,4,0,138,118.59,1862.95,0.37,0.8484,0.3142,0.6746,1.3588,100,30,68,0,0.0
APP-001548,10263.81,733.89,4277.26,577898.22,441441.49,180,2,0,59,10656.8,2452.45,0.0715,0.7639,0.2389,0.4167,0.7272,80,75,84,0,371000.0
APP-001549,9765.63,0.0,4219.82,783515.93,461754.28,180,3,0,12,18898.09,2565.3,0.0,0.5893,0.2627,0.4321,0.6948,35,75,76,0,351000.0
APP-001550,3485.41,398.33,1733.91,197385.18,160557.21,240,1,0,65,4878.46,668.99,0.1143,0.8134,0.1919,0.4975,0.8037,100,75,92,1,145000.0
APP-001551,6182.1,303.07,2499.74,300918.09,210479.34,180,0,0,11,9721.51,1169.33,0.049,0.6995,0.1891,0.4044,0.6425,35,75,100,1,210000.0
APP-001552,6638.49,3157.29,1916.83,588227.25,466386.96,240,2,1,70,3144.78,1943.28,0.4756,0.7929,0.2927,0.2887,1.0571,100,55,49,1,0.0
APP-001553,7330.5,1602.12,3522.12,288280.65,183845.32,120,0,0,53,10120.41,1532.04,0.2186,0.6377,0.209,0.4805,0.908,80,75,100,1,116000.0
APP-001554,4097.08,1436.76,1695.37,355148.55,247722.75,240,1,0,89,4356.39,1032.18,0.3507,0.6975,0.2519,0.4138,1.0164,100,75,92,0,0.0
APP-001555,6489.21,1168.68,4638.23,424725.43,314865.59,180,3,0,38,6274.37,1749.25,0.1801,0.7413,0.2696,0.7148,1.1644,80,55,76,1,151000.0
APP-001556,6168.45,1201.9,3368.91,408302.8,307050.3,240,0,0,55,3322.75,1279.38,0.1948,0.752,0.2074,0.5462,0.9484,80,55,100,1,230000.0
APP-001557,10968.91,2363.06,3561.85,848724.86,665556.42,240,1,0,66,21645.78,2773.15,0.2154,0.7842,0.2528,0.3247,0.793,100,75,92,0,326000.0
APP-001558,11089.19,4157.51,5951.01,892253.59,575240.04,240,0,0,7,16200.44,2396.83,0.3749,0.6447,0.2161,0.5366,1.1277,35,75,100,1,0.0
APP-001559,8033.41,2117.83,3769.74,442848.15,241517.43,240,1,0,64,11006.51,1006.32,0.2636,0.5454,0.1253,0.4693,0.8582,100,75,92,0,153000.0
APP-001560,7245.47,521.48,4561.08,600787.79,559466.84,240,0,0,7,21705.31,2331.11,0.072,0.9312,0.3217,0.6295,1.0232,35,75,100,1,481000.0
APP-001561,8947.76,4001.01,3007.23,644602.46,631710.41,180,1,0,30,14105.42,3509.5,0.4472,0.98,0.3922,0.3361,1.1755,80,75,92,0,0.0
APP-001562,5886.96,1053.8,2650.24,278988.99,217099.38,240,0,0,60,13130.55,904.58,0.179,0.7782,0.1537,0.4502,0.7829,80,75,100,0,217000.0
APP-001563,4830.14,754.6,1952.08,323340.31,177152.02,180,3,0,9,6741.13,984.18,0.1562,0.5479,0.2038,0.4041,0.7641,35,75,76,0,128000.0
APP-001564,5491.29,0.0,2357.72,520920.57,322702.29,240,1,0,72,4569.59,1344.59,0.0,0.6195,0.2449,0.4294,0.6742,100,55,92,0,297000.0
APP-001565,6468.6,1997.61,1800.65,648015.77,509460.46,240,1,0,68,1272.87,2122.75,0.3088,0.7862,0.3282,0.2784,0.9153,100,30,92,1,59000.0
APP-001566,4776.88,1118.47,2446.46,396062.29,354216.34,240,2,0,87,6531.2,1475.9,0.2341,0.8943,0.309,0.5121,1.0553,100,75,84,1,112000.0
APP-001567,9018.59,2110.26,4390.92,438067.37,246335.89,240,2,0,14,180.37,1026.4,0.234,0.5623,0.1138,0.4869,0.8347,60,30,84,1,207000.0
APP-001568,10835.09,1772.67,6778.82,854140.17,601175.23,180,2,0,136,15117.34,3339.86,0.1636,0.7038,0.3082,0.6256,1.0975,100,75,84,0,305000.0
APP-001569,3421.29,477.16,1431.45,291888.66,217594.58,180,0,0,20,4905.64,1208.86,0.1395,0.7455,0.3533,0.4184,0.9112,60,75,100,1,130000.0
APP-001570,8580.41,1443.73,3038.37,712712.55,593258.51,120,2,0,54,8187.34,4943.82,0.1683,0.8324,0.5762,0.3541,1.0985,80,55,84,0,157000.0
APP-001571,7796.21,2220.69,4258.97,655888.35,442942.3,240,2,0,39,8317.54,1845.59,0.2848,0.6753,0.2367,0.5463,1.0679,80,75,84,1,102000.0
APP-001572,9592.83,2968.75,2810.0,734222.91,379375.98,240,0,0,45,229.72,1580.73,0.3095,0.5167,0.1648,0.2929,0.7672,80,30,100,0,93000.0
APP-001573,8458.6,1587.3,5021.0,581076.6,465300.39,240,2,0,125,20275.62,1938.75,0.1877,0.8008,0.2292,0.5936,1.0105,100,75,84,0,277000.0
APP-001574,3848.48,1357.94,2283.13,227250.51,196849.73,240,1,0,22,3257.64,820.21,0.3529,0.8662,0.2131,0.5933,1.1592,60,55,92,1,0.0
APP-001575,4460.35,931.96,2770.61,159846.43,113373.18,180,3,0,114,1227.12,629.85,0.2089,0.7093,0.1412,0.6212,0.9713,100,30,76,0,86000.0
APP-001576,8594.16,1284.04,4127.43,654131.7,505435.27,300,1,0,78,14096.09,1684.78,0.1494,0.7727,0.196,0.4803,0.8257,100,75,92,0,465000.0
APP-001577,11792.1,2921.82,4034.79,864938.09,569402.7,120,3,0,49,14736.36,4745.02,0.2478,0.6583,0.4024,0.3422,0.9923,80,75,76,0,110000.0
APP-001578,2500.0,74.21,1093.68,200090.91,122065.37,180,0,0,48,2068.75,678.14,0.0297,0.61,0.2713,0.4375,0.7384,80,55,100,1,122000.0
APP-001579,9606.33,2426.37,4618.83,441162.92,376504.03,300,3,0,68,7035.38,1255.01,0.2526,0.8534,0.1306,0.4808,0.864,100,55,76,1,213000.0
APP-001580,12306.79,50.39,4065.88,1004360.86,773733.96,180,1,0,37,14090.35,4298.52,0.0041,0.7704,0.3493,0.3304,0.6838,80,75,92,0,705000.0
APP-001581,8010.32,609.73,5072.92,856958.25,671639.24,120,1,0,42,18914.24,5596.99,0.0761,0.7837,0.6987,0.6333,1.4081,80,75,92,1,242000.0
APP-001582,10260.65,0.0,5261.8,732734.44,670653.5,180,2,0,54,16135.81,3725.85,0.0,0.9153,0.3631,0.5128,0.8759,80,75,84,1,492000.0
APP-001583,6250.18,1221.81,1732.83,430574.98,250969.45,240,0,0,106,6994.15,1045.71,0.1955,0.5829,0.1673,0.2772,0.64,100,75,100,0,232000.0
APP-001584,8118.03,3615.35,5855.21,613414.79,397637.91,180,0,0,45,15563.81,2209.1,0.4453,0.6482,0.2721,0.7213,1.4387,80,75,100,1,0.0
APP-001585,3313.08,674.57,1443.12,353114.57,261492.4,240,2,1,13,3892.13,1089.55,0.2036,0.7405,0.3289,0.4356,0.9681,60,75,49,1,57000.0
APP-001586,2500.0,775.25,612.36,128935.85,83374.99,240,1,0,56,3778.49,347.4,0.3101,0.6466,0.139,0.2449,0.694,80,75,92,1,22000.0
APP-001587,11516.85,6326.48,3307.17,848305.01,697143.63,180,2,0,47,14810.84,3873.02,0.5493,0.8218,0.3363,0.2872,1.1728,80,75,84,0,0.0
APP-001588,5348.02,1479.09,3519.24,297382.68,206870.72,180,1,0,32,8988.96,1149.28,0.2766,0.6956,0.2149,0.658,1.1495,80,75,92,0,65000.0
APP-001589,7042.31,794.87,5014.11,423622.57,250348.54,240,0,0,61,5283.64,1043.12,0.1129,0.591,0.1481,0.712,0.973,100,55,100,1,250000.0
APP-001590,4063.38,536.94,2362.93,280809.85,204584.11,180,0,0,33,506.26,1136.58,0.1321,0.7286,0.2797,0.5815,0.9934,80,30,100,0,159000.0
APP-001591,3988.1,877.75,2516.85,375885.39,278961.1,240,1,0,44,7841.25,1162.34,0.2201,0.7421,0.2915,0.6311,1.1426,80,75,92,1,114000.0
APP-001592,7943.72,1043.76,4882.67,813578.51,684633.36,240,0,0,54,19894.53,2852.64,0.1314,0.8415,0.3591,0.6147,1.1052,80,75,100,0,417000.0
APP-001593,6165.35,874.67,3138.82,481307.89,371140.52,120,2,0,58,1031.51,3092.84,0.1419,0.7711,0.5016,0.5091,1.1526,80,30,84,1,129000.0
APP-001594,9709.51,3475.38,4589.17,613847.62,478769.86,240,1,0,64,12732.68,1994.87,0.3579,0.7799,0.2055,0.4726,1.036,100,75,92,1,0.0
APP-001595,9948.12,3617.75,5037.51,1142733.91,870349.48,240,0,0,69,7421.47,3626.46,0.3637,0.7616,0.3645,0.5064,1.2346,100,55,100,1,0.0
APP-001596,9526.72,0.0,5123.11,593552.88,412834.47,240,2,0,54,18529.86,1720.14,0.0,0.6955,0.1806,0.5378,0.7183,80,75,84,0,347000.0
APP-001597,9263.52,976.9,2791.51,553213.43,346804.81,240,1,0,15,12709.38,1445.02,0.1055,0.6269,0.156,0.3013,0.5628,60,75,92,0,319000.0
APP-001598,13548.86,2100.61,7277.27,515547.95,390552.82,300,1,0,59,56156.29,1301.84,0.155,0.7575,0.0961,0.5371,0.7882,80,100,92,0,359000.0
APP-001599,5083.7,1544.8,3321.58,483610.59,327256.28,240,2,0,85,4467.1,1363.57,0.3039,0.6767,0.2682,0.6534,1.2255,100,55,84,1,47000.0
APP-001600,8324.21,3163.45,3221.31,727772.4,683870.94,240,2,0,12,21089.91,2849.46,0.38,0.9397,0.3423,0.387,1.1093,60,75,84,0,0.0
APP-001601,12124.61,7253.86,4484.65,1376391.49,1231159.75,240,0,0,15,31780.63,5129.83,0.5983,0.8945,0.4231,0.3699,1.3912,60,75,100,1,0.0
APP-001602,12546.53,1942.27,6226.18,564450.45,452841.14,240,1,0,29,20453.82,1886.84,0.1548,0.8023,0.1504,0.4962,0.8014,80,75,92,0,415000.0
APP-001603,3950.36,639.16,1248.53,380210.24,292457.98,180,0,0,82,4674.75,1624.77,0.1618,0.7692,0.4113,0.3161,0.8891,100,75,100,0,134000.0
APP-001604,7500.46,2268.14,1569.91,534501.26,378729.06,240,1,0,28,9265.73,1578.04,0.3024,0.7086,0.2104,0.2093,0.7221,80,75,92,0,79000.0
APP-001605,12845.99,1599.19,7754.29,1085611.89,603658.74,300,2,0,83,14890.87,2012.2,0.1245,0.5561,0.1566,0.6036,0.8848,100,75,84,0,507000.0
APP-001606,10125.85,2027.86,3522.26,408477.03,282624.28,180,4,0,57,21972.79,1570.13,0.2003,0.6919,0.1551,0.3478,0.7032,80,75,68,1,186000.0
APP-001607,9124.84,1477.26,3859.37,879867.18,645102.78,300,1,0,34,3327.17,2150.34,0.1619,0.7332,0.2357,0.423,0.8205,80,55,92,1,474000.0
APP-001608,7803.41,0.0,2515.66,656713.84,492423.31,240,0,1,202,7843.32,2051.76,0.0,0.7498,0.2629,0.3224,0.5853,100,75,65,1,320000.0
APP-001609,7271.84,1725.26,4539.67,503935.54,393593.68,240,1,0,20,6515.8,1639.97,0.2373,0.781,0.2255,0.6243,1.0871,60,55,92,1,181000.0
APP-001610,9422.3,1832.35,5243.59,768973.1,645762.79,300,3,0,50,188.45,2152.54,0.1945,0.8398,0.2285,0.5565,0.9794,80,30,76,1,334000.0
APP-001611,7692.4,3061.36,2934.51,432475.23,272468.03,120,4,0,26,14792.67,2270.57,0.398,0.63,0.2952,0.3815,1.0746,80,75,68,1,0.0
APP-001612,8363.75,1846.45,1933.84,498229.15,314482.32,120,0,0,61,17619.3,2620.69,0.2208,0.6312,0.3133,0.2312,0.7653,100,75,100,0,130000.0
APP-001613,8751.52,388.0,3189.85,539600.94,490287.55,180,0,0,26,5068.91,2723.82,0.0443,0.9086,0.3112,0.3645,0.7201,80,55,100,0,432000.0
APP-001614,6330.17,1163.9,3236.14,232006.46,190298.1,240,2,0,37,13148.52,792.91,0.1839,0.8202,0.1253,0.5112,0.8203,80,75,84,0,156000.0
APP-001615,10202.81,0.0,4593.12,872459.49,583849.7,180,1,0,30,204.06,3243.61,0.0,0.6692,0.3179,0.4502,0.7681,80,30,92,0,537000.0
APP-001616,17825.58,899.68,7797.9,1630126.11,1150971.0,300,2,0,42,20883.72,3836.57,0.0505,0.7061,0.2152,0.4375,0.7032,80,75,84,1,967000.0
APP-001617,2813.64,869.33,1277.03,161435.02,114077.6,180,0,0,85,2915.97,633.76,0.309,0.7066,0.2252,0.4539,0.9881,100,75,100,0,21000.0
APP-001618,9536.84,1767.87,5163.32,727352.42,526679.26,180,2,0,18,11720.53,2926.0,0.1854,0.7241,0.3068,0.5414,1.0336,60,75,84,0,237000.0
APP-001619,6067.39,2118.44,2507.67,395716.93,309232.52,240,2,1,28,7428.25,1288.47,0.3492,0.7814,0.2124,0.4133,0.9748,80,75,49,1,1000.0
APP-001620,10347.69,0.0,5091.08,785481.96,769772.32,120,1,0,38,11182.36,6414.77,0.0,0.98,0.6199,0.492,1.1119,80,75,92,1,400000.0
APP-001621,8648.98,1609.19,2266.84,507726.58,378087.91,240,2,0,43,6927.87,1575.37,0.1861,0.7447,0.1821,0.2621,0.6303,80,55,84,0,286000.0
APP-001622,10937.94,1678.19,9063.35,591724.22,477011.24,180,1,0,102,11508.51,2650.06,0.1534,0.8061,0.2423,0.8286,1.2243,100,75,92,0,356000.0
APP-001623,12261.62,4338.39,4592.99,1090516.06,546084.67,300,2,0,29,29144.64,1820.28,0.3538,0.5008,0.1485,0.3746,0.8769,80,75,84,0,0.0
APP-001624,9115.75,2864.05,4125.56,627622.22,412324.58,240,1,0,83,5735.2,1718.02,0.3142,0.657,0.1885,0.4526,0.9552,100,55,92,1,72000.0
APP-001625,12122.57,3756.97,6190.2,1289816.45,1134710.8,120,4,0,110,38547.41,9455.92,0.3099,0.8797,0.78,0.5106,1.6006,100,100,68,1,40000.0
APP-001626,2500.0,1089.49,885.68,177083.95,136762.11,120,1,0,44,1445.88,1139.68,0.4358,0.7723,0.4559,0.3543,1.2459,80,55,92,1,0.0
APP-001627,13589.45,2289.38,5724.58,724733.32,253656.66,120,2,0,24,18563.91,2113.81,0.1685,0.35,0.1555,0.4213,0.7453,80,75,84,0,213000.0
APP-001628,9700.2,3947.12,4067.37,893242.19,721402.95,300,0,0,95,16141.96,2404.68,0.4069,0.8076,0.2479,0.4193,1.0741,100,75,100,0,0.0
APP-001629,11949.1,881.98,3271.11,972111.79,942327.62,240,3,1,79,10603.87,3926.37,0.0738,0.9694,0.3286,0.2738,0.6762,100,55,41,1,319000.0
APP-001630,4596.4,315.67,2253.04,381885.77,175870.62,240,3,0,23,11004.36,732.79,0.0687,0.4605,0.1594,0.4902,0.7183,60,75,76,0,134000.0
APP-001631,5841.54,1900.75,912.01,534096.42,490044.36,180,1,1,120,9584.15,2722.47,0.3254,0.9175,0.4661,0.1561,0.9476,100,75,57,1,15000.0
APP-001632,8967.0,83.72,6280.79,522324.91,187851.94,300,2,1,31,8658.43,626.17,0.0093,0.3596,0.0698,0.7004,0.7796,80,55,49,1,92000.0
APP-001633,8445.48,2535.22,4618.62,571838.64,481453.75,180,3,0,44,20135.19,2674.74,0.3002,0.8419,0.3167,0.5469,1.1638,80,75,76,1,58000.0
APP-001634,9405.82,2202.69,4912.28,629380.09,452446.04,240,0,0,71,2220.31,1885.19,0.2342,0.7189,0.2004,0.5223,0.9569,100,30,100,0,261000.0
APP-001635,11970.45,4429.78,1701.45,559816.73,232046.13,240,1,0,111,7673.83,966.86,0.3701,0.4145,0.0808,0.1421,0.593,100,55,92,0,0.0
APP-001636,2851.29,603.56,835.99,186062.33,144756.11,180,2,0,59,4722.64,804.2,0.2117,0.778,0.282,0.2932,0.7869,80,75,84,1,60000.0
APP-001637,11616.22,2646.72,7461.04,1092561.7,950101.67,240,1,0,41,21737.66,3958.76,0.2278,0.8696,0.3408,0.6423,1.2109,80,75,92,1,313000.0
APP-001638,8526.5,2483.75,7247.53,633281.1,485919.95,180,5,0,37,12281.23,2699.56,0.2913,0.7673,0.3166,0.85,1.4579,80,75,60,0,54000.0
APP-001639,7847.9,998.48,4796.25,359205.33,285937.35,180,1,0,41,8126.71,1588.54,0.1272,0.796,0.2024,0.6112,0.9408,80,75,92,0,263000.0
APP-001640,3792.43,459.38,2222.03,159262.74,106145.76,300,1,0,158,3503.07,353.82,0.1211,0.6665,0.0933,0.5859,0.8003,100,55,92,0,98000.0
APP-001641,10109.76,2895.64,5095.28,1010631.53,483101.41,240,4,0,63,21920.59,2012.92,0.2864,0.478,0.1991,0.504,0.9895,100,75,68,1,105000.0
APP-001642,2500.0,539.75,711.0,170935.64,138448.01,240,1,0,54,3415.89,576.87,0.2159,0.8099,0.2307,0.2844,0.731,80,75,92,0,74000.0
APP-001643,10574.86,1723.45,6125.25,617007.35,584594.72,240,1,0,79,3859.67,2435.81,0.163,0.9475,0.2303,0.5792,0.9725,100,55,92,1,437000.0
APP-001644,3725.26,776.38,908.24,242395.86,210119.76,180,1,0,43,1166.33,1167.33,0.2084,0.8668,0.3134,0.2438,0.7656,80,55,92,1,87000.0
APP-001645,8671.07,3843.35,1962.32,376397.6,173736.15,240,2,0,108,21782.71,723.9,0.4432,0.4616,0.0835,0.2263,0.753,100,75,84,0,0.0
APP-001646,8118.66,1282.56,1755.54,776271.44,406039.43,240,0,0,67,4084.62,1691.83,0.158,0.5231,0.2084,0.2162,0.5826,100,55,100,0,374000.0
APP-001647,12242.52,1884.34,7053.11,770361.28,469939.02,180,0,0,40,17083.92,2610.77,0.1539,0.61,0.2133,0.5761,0.9433,80,75,100,1,432000.0
APP-001648,7928.3,0.0,3257.06,750122.38,384747.66,240,1,0,35,18756.91,1603.12,0.0,0.5129,0.2022,0.4108,0.613,80,75,92,0,354000.0
APP-001649,6278.76,1344.1,2738.4,445350.52,323210.77,240,1,0,14,10283.95,1346.71,0.2141,0.7257,0.2145,0.4361,0.8647,60,75,92,1,188000.0
APP-001650,6878.87,2145.96,2872.17,658525.19,507817.79,240,2,0,85,3220.15,2115.91,0.312,0.7711,0.3076,0.4175,1.0371,100,55,84,1,53000.0
APP-001651,12573.22,4238.03,3016.13,938220.34,501072.59,180,1,0,18,2965.71,2783.74,0.3371,0.5341,0.2214,0.2399,0.7984,60,30,92,0,27000.0
APP-001652,10216.15,2402.33,3194.42,872032.08,715961.62,300,1,0,105,28941.33,2386.54,0.2352,0.821,0.2336,0.3127,0.7814,100,75,92,1,324000.0
APP-001653,7265.98,2570.83,2330.43,602667.42,481015.09,180,2,0,28,1547.3,2672.31,0.3538,0.7981,0.3678,0.3207,1.0423,80,30,84,1,0.0
APP-001654,7743.37,2496.25,1511.17,628910.74,407999.12,180,2,1,30,5049.12,2266.66,0.3224,0.6487,0.2927,0.1952,0.8103,80,55,49,1,19000.0
APP-001655,3485.03,1309.72,1182.56,265778.47,185399.66,180,1,0,136,5176.16,1030.0,0.3758,0.6976,0.2955,0.3393,1.0107,100,75,92,1,0.0
APP-001656,9743.12,3486.11,2406.46,641181.77,299127.87,240,0,0,81,9285.28,1246.37,0.3578,0.4665,0.1279,0.247,0.7327,100,55,100,1,0.0
APP-001657,2868.59,1261.6,1469.95,299704.01,202841.45,180,1,1,53,4780.29,1126.9,0.4398,0.6768,0.3928,0.5124,1.3451,80,75,57,1,0.0
APP-001658,10905.75,2140.18,5733.76,585367.53,422026.6,240,1,0,129,218.11,1758.44,0.1962,0.721,0.1612,0.5258,0.8832,100,30,92,1,370000.0
APP-001659,8911.59,304.88,1898.33,624502.22,463341.42,180,3,1,47,8560.83,2574.12,0.0342,0.7419,0.2889,0.213,0.5361,80,55,41,0,190000.0
APP-001660,16138.25,5049.99,6012.12,1134001.38,872335.09,240,1,0,36,28402.02,3634.73,0.3129,0.7693,0.2252,0.3725,0.9107,80,75,92,1,132000.0
APP-001661,4979.57,1639.66,3570.2,384641.28,289154.63,240,0,0,56,8778.8,1204.81,0.3293,0.7518,0.242,0.717,1.2882,80,75,100,0,25000.0
APP-001662,8171.48,3593.81,2149.74,508833.99,348874.56,180,2,0,88,5187.19,1938.19,0.4398,0.6856,0.2372,0.2631,0.9401,100,55,84,0,0.0
APP-001663,14254.52,5692.98,6959.94,1078574.48,816702.36,300,1,0,21,3285.11,2722.34,0.3994,0.7572,0.191,0.4883,1.0786,60,30,92,1,0.0
APP-001664,12312.45,6062.23,5379.1,824451.7,701001.73,120,0,0,30,16527.51,5841.68,0.4924,0.8503,0.4745,0.4369,1.4037,80,75,100,1,0.0
APP-001665,6272.12,1924.16,3731.05,260448.93,184289.82,120,3,0,25,125.44,1535.75,0.3068,0.7076,0.2449,0.5949,1.1465,80,30,76,1,25000.0
APP-001666,9216.7,2322.92,4306.73,646753.43,492365.2,240,1,0,22,21252.26,2051.52,0.252,0.7613,0.2226,0.4673,0.9419,60,75,92,1,199000.0
APP-001667,8506.4,222.04,2985.68,426934.62,297060.15,240,0,0,44,10987.44,1237.75,0.0261,0.6958,0.1455,0.351,0.5226,80,75,100,0,297000.0
APP-001668,9402.26,2474.05,4049.39,364629.53,231875.7,180,1,0,22,4916.16,1288.2,0.2631,0.6359,0.137,0.4307,0.8308,60,55,92,1,135000.0
APP-001669,6264.22,893.59,2712.53,453928.87,357684.31,240,0,0,12,1258.79,1490.35,0.1426,0.788,0.2379,0.433,0.8136,60,30,100,0,312000.0
APP-001670,8214.17,2050.35,3329.44,647128.29,419223.06,180,0,1,30,4766.27,2329.02,0.2496,0.6478,0.2835,0.4053,0.9385,80,55,65,1,96000.0
APP-001671,3386.23,770.81,707.53,269139.66,207291.13,240,0,0,28,67.72,863.71,0.2276,0.7702,0.2551,0.2089,0.6916,80,30,100,0,99000.0
APP-001672,8932.4,2555.05,5528.21,716459.12,518482.27,240,0,0,64,14249.86,2160.34,0.286,0.7237,0.2419,0.6189,1.1468,100,75,100,1,137000.0
APP-001673,9940.07,2051.37,5870.9,350023.5,238186.97,300,2,0,84,4248.76,793.96,0.2064,0.6805,0.0799,0.5906,0.8769,100,55,84,1,200000.0
APP-001674,7772.26,2727.31,1965.84,353650.91,239542.41,240,1,0,33,11733.81,998.09,0.3509,0.6773,0.1284,0.2529,0.7323,80,75,92,0,0.0
APP-001675,3331.84,0.0,1239.06,351586.74,229918.13,240,2,0,30,5443.53,957.99,0.0,0.6539,0.2875,0.3719,0.6594,80,75,84,0,193000.0
APP-001676,11663.3,2876.16,4478.55,596580.72,301897.2,240,1,0,132,23552.84,1257.9,0.2466,0.506,0.1079,0.384,0.7384,100,75,92,0,266000.0
APP-001677,9666.48,3753.96,2271.21,782937.9,602687.09,180,0,0,82,13307.48,3348.26,0.3883,0.7698,0.3464,0.235,0.9697,100,75,100,0,0.0
APP-001678,6176.75,2976.0,749.32,355997.84,267034.37,180,2,0,60,13358.53,1483.52,0.4818,0.7501,0.2402,0.1213,0.8433,100,75,84,0,0.0
APP-001679,7602.08,2451.48,2377.21,543047.71,450977.85,300,2,0,40,18225.98,1503.26,0.3225,0.8305,0.1977,0.3127,0.8329,80,75,84,0,53000.0
APP-001680,3697.86,1685.79,1342.23,216699.74,141052.16,180,1,0,81,5111.9,783.62,0.4559,0.6509,0.2119,0.363,1.0308,100,75,92,1,0.0
APP-001681,5218.69,1271.54,988.43,418057.27,404010.49,240,0,0,23,7497.55,1683.38,0.2437,0.9664,0.3226,0.1894,0.7556,60,75,100,0,133000.0
APP-001682,6779.0,1494.1,3039.14,491219.72,329428.81,120,1,0,83,4394.65,2745.24,0.2204,0.6706,0.405,0.4483,1.0737,100,55,92,0,97000.0
APP-001683,12430.95,3656.17,7533.86,769858.27,466715.6,240,2,0,66,3246.19,1944.65,0.2941,0.6062,0.1564,0.6061,1.0566,100,30,84,0,140000.0
APP-001684,6453.59,1416.9,3580.05,329758.41,194828.18,180,2,0,74,14868.21,1082.38,0.2196,0.5908,0.1677,0.5547,0.942,100,75,84,0,127000.0
APP-001685,10548.68,1165.31,4216.63,789251.84,390356.13,300,1,0,53,17881.81,1301.19,0.1105,0.4946,0.1234,0.3997,0.6336,80,75,92,0,359000.0
APP-001686,6777.39,1002.15,850.79,326473.98,300108.47,240,1,0,19,11983.41,1250.45,0.1479,0.9192,0.1845,0.1255,0.4579,60,75,92,1,240000.0
APP-001687,9293.43,597.55,4967.45,722050.04,648573.34,120,0,0,24,5746.7,5404.78,0.0643,0.8982,0.5816,0.5345,1.1804,60,55,100,1,319000.0
APP-001688,8047.53,2365.76,3568.46,943788.51,753234.65,240,1,0,68,21016.37,3138.48,0.294,0.7981,0.39,0.4434,1.1274,100,75,92,0,100000.0
APP-001689,11293.78,2502.64,5510.19,1065038.13,642759.52,240,0,0,64,10664.12,2678.16,0.2216,0.6035,0.2371,0.4879,0.9466,100,55,100,0,348000.0
APP-001690,6788.6,1151.08,4954.16,562980.68,537908.23,180,0,0,35,2907.85,2988.38,0.1696,0.9555,0.4402,0.7298,1.3395,80,55,100,1,220000.0
APP-001691,3467.91,487.81,998.86,237409.86,160079.89,180,2,0,34,2197.59,889.33,0.1407,0.6743,0.2564,0.288,0.6851,80,55,84,0,110000.0
APP-001692,4077.76,1185.44,489.33,143139.49,98054.36,240,1,0,96,10455.68,408.56,0.2907,0.685,0.1002,0.12,0.5109,100,75,92,0,53000.0
APP-001693,6797.99,2238.33,1709.34,314059.38,284802.76,240,1,0,49,1020.09,1186.68,0.3293,0.9068,0.1746,0.2514,0.7553,80,30,92,1,31000.0
APP-001694,4503.01,277.96,2241.45,419186.25,337720.91,180,1,0,29,2134.38,1876.23,0.0617,0.8057,0.4167,0.4978,0.9762,80,55,92,0,215000.0
APP-001695,9812.68,389.8,4163.6,547394.29,536446.4,300,2,0,105,36882.51,1788.15,0.0397,0.98,0.1822,0.4243,0.6463,100,100,84,1,368000.0
APP-001696,7009.54,2478.79,1580.64,402442.07,302770.81,180,2,0,99,13997.59,1682.06,0.3536,0.7523,0.24,0.2255,0.8191,100,75,84,1,0.0
APP-001697,16098.74,442.42,3104.57,1078910.11,721128.41,120,1,0,49,7892.4,6009.4,0.0275,0.6684,0.3733,0.1928,0.5936,80,55,92,1,573000.0
APP-001698,2939.31,871.94,1067.74,149561.57,95789.01,240,0,0,55,519.37,399.12,0.2966,0.6405,0.1358,0.3633,0.7957,80,30,100,1,38000.0
APP-001699,9151.63,4084.99,2019.08,438529.11,210445.95,120,0,0,82,183.03,1753.72,0.4464,0.4799,0.1916,0.2206,0.8586,100,30,100,0,0.0
APP-001700,4890.55,2184.57,2461.42,337895.29,231046.91,180,2,0,71,6051.58,1283.59,0.4467,0.6838,0.2625,0.5033,1.2125,100,75,84,0,0.0
APP-001701,6921.12,2237.61,2451.26,373411.29,324418.66,240,2,0,18,12494.12,1351.74,0.3233,0.8688,0.1953,0.3542,0.8728,60,75,84,1,37000.0
APP-001702,8952.54,2857.95,2861.78,507265.96,404721.35,180,2,0,107,22532.82,2248.45,0.3192,0.7978,0.2512,0.3197,0.89,100,75,84,0,42000.0
APP-001703,2500.0,1338.17,746.69,139846.4,101058.61,180,1,1,16,50.0,561.44,0.5353,0.7226,0.2246,0.2987,1.0585,60,30,57,1,0.0
APP-001704,9257.84,0.0,4278.05,735095.77,434190.58,240,0,0,64,185.16,1809.13,0.0,0.5907,0.1954,0.4621,0.6575,100,30,100,0,434000.0
APP-001705,14589.3,2261.24,6226.97,960293.33,719733.6,240,3,0,21,15207.96,2998.89,0.155,0.7495,0.2056,0.4268,0.7874,60,75,76,0,519000.0
APP-001706,7049.0,2388.12,3188.35,470772.26,400940.63,240,7,0,71,25791.6,1670.59,0.3388,0.8517,0.237,0.4523,1.0281,100,100,44,1,8000.0
APP-001707,9331.39,1612.28,4188.12,753462.94,584682.34,240,3,0,31,18171.12,2436.18,0.1728,0.776,0.2611,0.4488,0.8827,80,75,76,0,302000.0
APP-001708,11779.75,4636.14,4811.42,794465.02,589235.3,240,1,0,32,17499.05,2455.15,0.3936,0.7417,0.2084,0.4084,1.0104,80,75,92,1,0.0
APP-001709,7975.35,1710.64,2031.31,518329.34,319495.88,180,1,1,79,379.38,1774.98,0.2145,0.6164,0.2226,0.2547,0.6917,100,30,57,1,111000.0
APP-001710,6640.93,1583.49,2013.13,521101.0,433938.33,240,1,0,21,132.82,1808.08,0.2384,0.8327,0.2723,0.3031,0.8138,60,30,92,0,164000.0
APP-001711,2500.0,453.86,892.13,205068.9,71774.12,180,0,0,35,2962.41,398.75,0.1815,0.35,0.1595,0.3569,0.6979,80,75,100,0,72000.0
APP-001712,10551.17,1549.42,7917.93,710649.57,547036.67,180,2,0,22,11190.23,3039.09,0.1468,0.7698,0.288,0.7504,1.1853,60,75,84,1,324000.0
APP-001713,8137.86,1167.01,1661.64,581457.82,569828.67,240,0,0,53,7397.1,2374.29,0.1434,0.98,0.2918,0.2042,0.6393,80,55,100,0,403000.0
APP-001714,5259.41,1356.74,1856.38,294147.2,154107.09,240,2,0,21,4247.55,642.11,0.258,0.5239,0.1221,0.353,0.733,60,55,84,1,98000.0
APP-001715,8905.11,993.46,3880.16,485397.08,334255.1,240,1,1,61,4243.12,1392.73,0.1116,0.6886,0.1564,0.4357,0.7037,100,55,57,0,191000.0
APP-001716,6632.22,2344.15,2463.65,556076.44,399803.15,120,2,1,99,1791.51,3331.69,0.3534,0.719,0.5023,0.3715,1.2273,100,30,49,1,0.0
APP-001717,6809.04,2120.69,4029.83,531165.83,350497.33,120,2,0,10,16345.48,2920.81,0.3115,0.6599,0.429,0.5918,1.3322,35,75,84,0,26000.0
APP-001718,10440.13,3903.76,3869.53,816369.98,697774.81,240,4,0,31,3676.23,2907.4,0.3739,0.8547,0.2785,0.3706,1.023,80,55,68,1,0.0
APP-001719,4217.18,261.26,1612.96,316521.76,247336.0,240,1,0,23,3801.64,1030.57,0.062,0.7814,0.2444,0.3825,0.6888,60,55,92,0,228000.0
APP-001720,11851.41,0.0,6522.31,839454.95,621027.98,240,1,0,18,13212.3,2587.62,0.0,0.7398,0.2183,0.5503,0.7687,60,75,92,0,571000.0
APP-001721,4027.4,883.67,2858.3,332403.48,273782.61,120,2,0,60,7191.54,2281.52,0.2194,0.8236,0.5665,0.7097,1.4956,80,75,84,1,53000.0
APP-001722,6379.36,3992.41,4115.96,553931.93,400037.22,180,1,0,56,2445.54,2222.43,0.6258,0.7222,0.3484,0.6452,1.6194,80,55,92,0,0.0
APP-001723,14653.43,5821.36,5834.05,1266087.0,1240765.26,240,0,1,107,29750.29,5169.86,0.3973,0.98,0.3528,0.3981,1.1482,100,75,65,0,0.0
APP-001724,12107.54,1723.84,4989.25,825564.37,610649.41,240,0,0,75,7607.17,2544.37,0.1424,0.7397,0.2101,0.4121,0.7646,100,55,100,0,603000.0
APP-001725,8812.33,2462.45,3767.05,836870.84,623792.37,120,1,0,51,8850.16,5198.27,0.2794,0.7454,0.5899,0.4275,1.2968,80,75,92,1,69000.0
APP-001726,5490.3,1767.12,2435.06,406898.96,202488.86,120,1,0,58,14432.85,1687.41,0.3219,0.4976,0.3073,0.4435,1.0727,80,75,92,0,17000.0
APP-001727,6806.33,193.47,1935.89,553917.89,359687.39,180,1,0,35,1890.08,1998.26,0.0284,0.6494,0.2936,0.2844,0.6064,80,30,92,0,331000.0
APP-001728,8734.48,3596.4,4977.39,655763.71,569963.0,120,1,0,59,15711.71,4749.69,0.4117,0.8692,0.5438,0.5699,1.5254,80,75,92,1,0.0
APP-001729,8620.07,1694.37,3905.39,641731.1,350635.84,240,0,0,16,17706.92,1460.98,0.1966,0.5464,0.1695,0.4531,0.8191,60,75,100,1,317000.0
APP-001730,8209.21,1701.81,3388.95,465925.9,204782.62,120,0,0,45,11730.21,1706.52,0.2073,0.4395,0.2079,0.4128,0.828,80,75,100,0,141000.0
APP-001731,8401.34,1876.27,1819.87,694154.63,502707.48,240,4,0,65,8772.86,2094.61,0.2233,0.7242,0.2493,0.2166,0.6893,100,75,68,0,174000.0
APP-001732,7814.0,2971.16,3359.75,947176.3,850750.71,240,1,0,43,23935.33,3544.79,0.3802,0.8982,0.4536,0.43,1.2638,80,100,92,1,0.0
APP-001733,3885.67,444.03,466.28,245782.84,178317.8,300,1,0,32,4420.1,594.39,0.1143,0.7255,0.153,0.12,0.3872,80,75,92,0,164000.0
APP-001734,6847.17,0.0,2238.59,488051.62,330071.17,300,0,0,52,9131.86,1100.24,0.0,0.6763,0.1607,0.3269,0.4876,80,75,100,0,330000.0
APP-001735,11426.8,3030.54,3769.75,708099.24,338752.25,180,1,1,28,9679.94,1881.96,0.2652,0.4784,0.1647,0.3299,0.7598,80,55,57,1,99000.0
APP-001736,4121.33,0.0,1920.21,252289.88,196481.6,120,0,0,42,5299.92,1637.35,0.0,0.7788,0.3973,0.4659,0.8632,80,75,100,1,173000.0
APP-001737,7893.42,1403.81,5689.39,771977.42,622187.37,180,1,0,79,15926.61,3456.6,0.1778,0.806,0.4379,0.7208,1.3365,100,75,92,1,225000.0
APP-001738,5876.79,2269.39,3006.01,340186.78,166138.64,240,1,0,82,5302.19,692.24,0.3862,0.4884,0.1178,0.5115,1.0155,100,55,92,1,0.0
APP-001739,8856.32,2666.4,5772.06,544367.53,472232.97,120,2,0,56,177.13,3935.27,0.3011,0.8675,0.4443,0.6517,1.3972,80,30,84,1,44000.0
APP-001740,7256.37,2655.32,3796.78,300596.22,246350.75,180,1,0,25,11698.82,1368.62,0.3659,0.8195,0.1886,0.5232,1.0778,80,75,92,1,0.0
APP-001741,13227.66,4058.9,7936.71,745550.44,646542.14,180,1,0,39,2374.35,3591.9,0.3068,0.8672,0.2715,0.6,1.1784,80,30,92,1,95000.0
APP-001742,10121.07,5641.96,7258.23,397239.72,316146.51,180,0,0,53,18396.95,1756.37,0.5574,0.7959,0.1735,0.7171,1.4481,80,75,100,1,0.0
APP-001743,4302.23,592.19,1303.17,350083.13,281809.48,240,0,0,31,4942.43,1174.21,0.1376,0.805,0.2729,0.3029,0.7135,80,75,100,0,219000.0
APP-001744,10647.93,2936.04,3114.13,1281952.7,1009786.08,240,4,0,123,21283.06,4207.44,0.2757,0.7877,0.3951,0.2925,0.9633,100,75,68,1,129000.0
APP-001745,6021.11,955.33,3173.19,381737.32,317949.55,240,2,0,31,1785.2,1324.79,0.1587,0.8329,0.22,0.527,0.9057,80,30,84,0,232000.0
APP-001746,6653.61,2355.06,2790.6,266133.53,128691.93,300,1,0,51,4446.61,428.97,0.354,0.4836,0.0645,0.4194,0.8378,80,55,92,1,0.0
APP-001747,9504.22,2009.0,4326.86,819263.78,430000.65,120,3,1,13,8021.25,3583.34,0.2114,0.5249,0.377,0.4553,1.0437,60,55,41,0,65000.0
APP-001748,6926.41,3190.57,2633.51,394218.96,246118.37,120,1,0,85,138.53,2050.99,0.4606,0.6243,0.2961,0.3802,1.137,100,30,92,1,0.0
APP-001749,11357.14,1654.57,3686.51,1060623.24,745749.0,180,0,1,112,24421.01,4143.05,0.1457,0.7031,0.3648,0.3246,0.8351,100,75,65,0,271000.0
APP-001750,6021.57,2510.98,4090.59,390941.12,301203.63,240,3,0,24,120.43,1255.02,0.417,0.7705,0.2084,0.6793,1.3047,80,30,76,1,0.0
APP-001751,6519.37,1975.63,1590.87,382213.24,291326.22,240,1,0,16,13935.69,1213.86,0.303,0.7622,0.1862,0.244,0.7333,60,75,92,0,68000.0
APP-001752,6399.61,1378.83,3390.66,427473.45,369860.18,120,0,0,56,9803.94,3082.17,0.2155,0.8652,0.4816,0.5298,1.2269,80,75,100,1,103000.0
APP-001753,6689.96,1979.84,3370.91,559547.8,486417.36,300,1,0,132,6496.08,1621.39,0.2959,0.8693,0.2424,0.5039,1.0422,100,55,92,0,100000.0
APP-001754,12017.41,3083.39,2011.21,792024.77,480434.26,180,0,0,18,17552.69,2669.08,0.2566,0.6066,0.2221,0.1674,0.646,60,75,100,0,202000.0
APP-001755,10512.15,2836.53,3017.78,641860.78,482047.01,180,1,0,40,15095.02,2678.04,0.2698,0.751,0.2548,0.2871,0.8117,80,75,92,1,140000.0
APP-001756,13971.82,2669.15,4386.73,928022.73,565891.47,240,1,0,59,11032.36,2357.88,0.191,0.6098,0.1688,0.314,0.6738,80,55,92,0,490000.0
APP-001757,15756.46,1918.78,8041.05,742233.43,516244.05,300,0,0,52,22347.94,1720.81,0.1218,0.6955,0.1092,0.5103,0.7413,80,75,100,0,516000.0
APP-001758,5201.71,900.36,1879.24,401293.73,305718.76,240,2,0,64,9405.02,1273.83,0.1731,0.7618,0.2449,0.3613,0.7793,100,75,84,0,186000.0
APP-001759,8725.34,0.0,3545.16,330157.5,115555.12,300,0,0,103,2615.73,385.18,0.0,0.35,0.0441,0.4063,0.4505,100,30,100,0,116000.0
APP-001760,4736.16,1600.22,884.6,293669.39,287796.0,180,2,0,86,6922.25,1598.87,0.3379,0.98,0.3376,0.1868,0.8622,100,75,84,0,9000.0
APP-001761,6011.66,283.01,4762.11,502989.27,399188.95,240,0,0,40,120.23,1663.29,0.0471,0.7936,0.2767,0.7921,1.1159,80,30,100,0,399000.0
APP-001762,6483.74,1228.86,2797.03,489229.45,314358.58,240,0,0,18,129.67,1309.83,0.1895,0.6426,0.202,0.4314,0.8229,60,30,100,0,250000.0
APP-001763,5117.1,1590.02,2557.73,412570.48,400423.61,240,0,1,89,8484.54,1668.43,0.3107,0.9706,0.326,0.4998,1.1366,100,75,65,1,31000.0
APP-001764,5133.96,1732.79,1712.18,353366.3,238463.57,180,0,1,40,3973.45,1324.8,0.3375,0.6748,0.258,0.3335,0.9291,80,55,65,1,7000.0
APP-001765,8038.29,0.0,2536.72,731929.96,539598.91,300,0,0,52,3069.87,1798.66,0.0,0.7372,0.2238,0.3156,0.5393,80,55,100,0,540000.0
APP-001766,4606.5,954.2,3344.46,399128.38,262097.6,120,0,0,81,5077.64,2184.15,0.2071,0.6567,0.4741,0.726,1.4073,100,75,100,0,79000.0
APP-001767,11194.81,3183.4,1343.38,873536.76,816546.29,240,1,0,88,8884.69,3402.28,0.2844,0.9348,0.3039,0.12,0.7083,100,55,92,1,162000.0
APP-001768,5563.19,1264.41,2584.57,482305.23,340677.26,300,2,0,78,1447.84,1135.59,0.2273,0.7064,0.2041,0.4646,0.896,100,30,84,0,172000.0
APP-001769,17490.62,7139.16,3955.67,1460600.18,1080015.87,300,3,0,119,349.81,3600.05,0.4082,0.7394,0.2058,0.2262,0.8402,100,30,76,0,0.0
APP-001770,7055.57,740.46,2506.14,438077.9,383971.64,300,0,0,48,141.11,1279.91,0.1049,0.8765,0.1814,0.3552,0.6416,80,30,100,1,350000.0
APP-001771,8730.46,0.0,2775.45,399940.64,318379.99,300,1,0,32,15845.02,1061.27,0.0,0.7961,0.1216,0.3179,0.4395,80,75,92,0,293000.0
APP-001772,4354.91,1452.13,1142.05,337795.07,240825.84,120,0,0,26,3352.19,2006.88,0.3334,0.7129,0.4608,0.2622,1.0565,80,55,100,0,9000.0
APP-001773,13959.49,2021.45,5942.15,1114380.88,963216.03,300,0,0,34,28234.39,3210.72,0.1448,0.8644,0.23,0.4257,0.8005,80,75,100,0,859000.0
APP-001774,12082.4,0.0,1449.89,1082927.53,1061268.98,240,2,1,34,9190.05,4421.95,0.0,0.98,0.366,0.12,0.486,80,55,49,1,425000.0
APP-001775,9450.13,1869.31,3492.03,502238.7,382335.92,240,2,0,56,13886.71,1593.07,0.1978,0.7613,0.1686,0.3695,0.7359,80,75,84,0,290000.0
APP-001776,4190.23,1643.74,1699.36,224949.42,165378.04,180,1,0,68,4345.84,918.77,0.3923,0.7352,0.2193,0.4056,1.0171,100,75,92,0,0.0
APP-001777,9174.13,395.81,1857.91,718134.74,532986.33,240,4,1,24,10917.24,2220.78,0.0431,0.7422,0.2421,0.2025,0.4877,60,75,33,1,187000.0
APP-001778,4911.42,2686.74,3251.93,337507.89,300502.12,240,3,0,81,6059.38,1252.09,0.547,0.8904,0.2549,0.6621,1.4641,100,75,76,1,0.0
APP-001779,13179.54,1353.49,4281.86,475205.22,305131.31,240,0,0,85,9869.68,1271.38,0.1027,0.6421,0.0965,0.3249,0.524,100,55,100,0,305000.0
APP-001780,11089.42,2574.76,4236.19,851134.82,582021.92,180,0,0,7,480.62,3233.46,0.2322,0.6838,0.2916,0.382,0.9058,35,30,100,1,235000.0
APP-001781,8805.4,434.3,2863.91,322774.34,167885.4,180,0,0,69,16197.71,932.7,0.0493,0.5201,0.1059,0.3252,0.4805,100,75,100,0,168000.0
APP-001782,2500.0,564.56,1017.37,132463.46,74987.19,240,3,0,37,6460.48,312.45,0.2258,0.5661,0.125,0.4069,0.7578,80,75,76,1,57000.0
APP-001783,5353.07,1077.44,3368.7,504956.4,329577.97,120,0,0,101,14149.73,2746.48,0.2013,0.6527,0.5131,0.6293,1.3436,100,75,100,1,96000.0
APP-001784,10700.84,122.75,8728.48,1100557.64,784398.46,240,0,0,48,6977.56,3268.33,0.0115,0.7127,0.3054,0.8157,1.1326,80,55,100,1,784000.0
APP-001785,12381.23,7622.08,6677.22,595762.22,565962.68,180,3,0,30,6068.61,3144.24,0.6156,0.95,0.254,0.5393,1.4089,80,55,76,1,0.0
APP-001786,12049.34,1815.27,7158.26,772012.91,609642.43,240,1,0,24,7845.88,2540.18,0.1507,0.7897,0.2108,0.5941,0.9555,60,55,92,1,530000.0
APP-001787,3405.56,513.47,2365.6,241001.85,144945.69,120,0,0,54,3377.45,1207.88,0.1508,0.6014,0.3547,0.6946,1.2001,80,55,100,0,81000.0
APP-001788,9464.97,3366.36,4352.18,966014.3,604109.15,180,0,1,37,10437.83,3356.16,0.3557,0.6254,0.3546,0.4598,1.1701,80,75,65,1,0.0
APP-001789,11749.65,5569.28,7886.84,718236.74,645491.81,240,0,0,19,2959.32,2689.55,0.474,0.8987,0.2289,0.6712,1.3741,60,30,100,1,0.0
APP-001790,3193.33,1206.12,1746.06,196121.6,169931.39,180,1,0,15,63.87,944.06,0.3777,0.8665,0.2956,0.5468,1.2201,60,30,92,1,0.0
APP-001791,8474.71,439.28,3754.62,829479.26,600260.54,180,2,1,59,10126.83,3334.78,0.0518,0.7237,0.3935,0.443,0.8884,80,75,49,1,223000.0
APP-001792,9376.3,2343.58,4463.63,593086.29,392902.8,180,2,1,17,187.53,2182.79,0.2499,0.6625,0.2328,0.4761,0.9588,60,30,49,1,83000.0
APP-001793,7537.55,0.0,969.13,625614.14,541932.79,180,0,0,8,7985.35,3010.74,0.0,0.8662,0.3994,0.1286,0.528,35,75,100,1,475000.0
APP-001794,2573.08,890.9,1200.96,120000.0,70904.1,240,2,0,86,771.22,295.43,0.3462,0.5909,0.1148,0.4667,0.9278,100,30,84,1,2000.0
APP-001795,7457.77,0.0,1290.2,499057.38,384755.25,180,0,0,26,13812.82,2137.53,0.0,0.771,0.2866,0.173,0.4596,80,75,100,0,385000.0
APP-001796,7452.62,801.54,1192.1,299053.3,293072.24,180,3,0,64,15597.38,1628.18,0.1076,0.98,0.2185,0.16,0.486,100,75,76,1,182000.0
APP-001797,8026.17,1762.16,3618.68,409352.18,305661.73,240,2,0,53,16968.29,1273.59,0.2196,0.7467,0.1587,0.4509,0.8291,80,75,84,0,211000.0
APP-001798,6696.89,1890.54,1618.96,569943.13,352892.12,240,1,0,32,5613.32,1470.38,0.2823,0.6192,0.2196,0.2417,0.7436,80,55,92,1,100000.0
APP-001799,7082.36,1299.39,2966.53,489403.21,378478.96,240,2,0,107,909.17,1577.0,0.1835,0.7733,0.2227,0.4189,0.825,100,30,84,0,238000.0
APP-001800,8372.94,3622.73,3702.09,538012.44,354495.78,180,2,0,70,3490.4,1969.42,0.4327,0.6589,0.2352,0.4421,1.11,100,55,84,0,0.0
APP-001801,9915.85,3185.5,4455.07,560468.97,301961.03,300,1,0,46,13969.95,1006.54,0.3213,0.5388,0.1015,0.4493,0.872,80,75,92,0,79000.0
APP-001802,7525.83,2334.98,2072.17,496917.23,403066.8,240,1,0,27,150.52,1679.44,0.3103,0.8111,0.2232,0.2753,0.8088,80,30,92,0,66000.0
APP-001803,7189.12,344.24,4053.15,542203.96,469179.1,180,2,0,67,17284.05,2606.55,0.0479,0.8653,0.3626,0.5638,0.9742,100,75,84,1,328000.0
APP-001804,8795.53,4027.58,3568.54,771302.2,524163.19,300,2,0,73,7497.6,1747.21,0.4579,0.6796,0.1986,0.4057,1.0623,100,55,84,1,0.0
APP-001805,2500.0,268.93,1226.43,120000.0,80515.12,240,4,1,50,4000.39,335.48,0.1076,0.671,0.1342,0.4906,0.7323,80,75,33,1,28000.0
APP-001806,10026.51,4644.84,2291.76,551741.92,328284.51,240,0,0,47,200.53,1367.85,0.4633,0.595,0.1364,0.2286,0.8282,80,30,100,0,0.0
APP-001807,8498.2,4275.51,3326.77,619210.43,433762.09,300,1,0,70,2690.67,1445.87,0.5031,0.7005,0.1701,0.3915,1.0647,100,55,92,0,0.0
APP-001808,8627.02,2517.12,5137.97,588539.26,380721.4,120,0,0,45,172.54,3172.68,0.2918,0.6469,0.3678,0.5956,1.2551,80,30,100,1,60000.0
APP-001809,11574.35,4218.64,6657.89,894243.2,526320.92,240,2,1,29,23948.15,2193.0,0.3645,0.5886,0.1895,0.5752,1.1292,80,75,49,1,0.0
APP-001810,2500.0,0.0,731.08,187039.31,180676.6,240,2,0,18,2514.54,752.82,0.0,0.966,0.3011,0.2924,0.5936,60,75,84,1,126000.0
APP-001811,2500.0,481.75,831.78,161280.95,125903.01,180,0,0,45,4160.44,699.46,0.1927,0.7806,0.2798,0.3327,0.8052,80,75,100,1,71000.0
APP-001812,9376.17,3509.53,2454.78,567414.47,450760.5,180,0,0,18,11317.72,2504.23,0.3743,0.7944,0.2671,0.2618,0.9032,60,75,100,0,0.0
APP-001813,8477.23,2962.21,2670.11,555944.74,464125.98,120,1,1,74,13323.04,3867.72,0.3494,0.8348,0.4562,0.315,1.1207,100,75,57,1,0.0
APP-001814,9044.57,445.34,1774.08,820137.41,672705.17,300,2,0,45,7654.44,2242.35,0.0492,0.8202,0.2479,0.1961,0.4933,80,55,84,0,551000.0
APP-001815,7021.19,1255.94,2793.68,398971.29,265832.86,120,2,0,80,6788.15,2215.27,0.1789,0.6663,0.3155,0.3979,0.8923,100,55,84,0,121000.0
APP-001816,10625.93,0.0,5539.32,731802.38,552826.82,180,1,0,55,11342.55,3071.26,0.0,0.7554,0.289,0.5213,0.8103,80,75,92,1,509000.0
APP-001817,11484.44,3190.6,3380.92,841811.6,576662.87,240,1,0,64,17399.72,2402.76,0.2778,0.685,0.2092,0.2944,0.7814,100,75,92,0,183000.0
APP-001818,10048.74,0.0,4074.8,985644.22,765845.83,240,4,0,31,15464.08,3191.02,0.0,0.777,0.3176,0.4055,0.7231,80,75,68,0,521000.0
APP-001819,7665.35,2899.55,2949.01,495139.01,378494.07,180,1,0,44,28210.73,2102.74,0.3783,0.7644,0.2743,0.3847,1.0373,80,100,92,1,0.0
APP-001820,2500.0,963.95,1472.05,218146.3,146213.47,240,0,0,55,6658.6,609.22,0.3856,0.6703,0.2437,0.5888,1.2181,80,75,100,1,0.0
APP-001821,10961.56,1683.57,3531.21,1010388.31,552875.56,240,0,0,51,219.23,2303.65,0.1536,0.5472,0.2102,0.3221,0.6859,80,30,100,0,517000.0
APP-001822,12409.53,3635.73,4069.9,854426.33,631430.3,240,2,0,50,12672.68,2630.96,0.293,0.739,0.212,0.328,0.833,80,75,84,1,143000.0
APP-001823,10562.59,2002.73,3006.5,699317.81,484938.41,120,2,1,23,8288.4,4041.15,0.1896,0.6934,0.3826,0.2846,0.8568,60,55,49,0,100000.0
APP-001824,5685.14,1443.27,1353.06,364287.18,172763.78,120,2,0,13,13087.87,1439.7,0.2539,0.4743,0.2532,0.238,0.7451,60,75,84,1,55000.0
APP-001825,10656.14,632.8,5377.83,696860.37,547729.48,240,1,0,22,9226.37,2282.21,0.0594,0.786,0.2142,0.5047,0.7782,60,55,92,0,504000.0
APP-001826,11253.7,3456.56,4483.27,960799.04,812350.28,180,0,0,6,17644.22,4513.06,0.3071,0.8455,0.401,0.3984,1.1066,35,75,100,1,87000.0
APP-001827,13488.21,0.0,5783.33,1000261.25,980256.02,240,1,0,14,269.76,4084.4,0.0,0.98,0.3028,0.4288,0.7316,60,30,92,1,736000.0
APP-001828,5696.45,0.0,3554.26,422877.06,282965.78,120,0,0,57,113.93,2358.05,0.0,0.6691,0.414,0.6239,1.0379,80,30,100,1,239000.0
APP-001829,7775.35,1577.85,4922.83,386792.15,251402.31,240,0,0,40,23583.12,1047.51,0.2029,0.65,0.1347,0.6331,0.9708,80,100,100,0,251000.0
APP-001830,10891.27,2073.98,1705.6,572719.41,329757.67,300,1,1,28,13017.46,1099.19,0.1904,0.5758,0.1009,0.1566,0.448,80,75,57,1,188000.0
APP-001831,8683.71,2241.46,4547.26,942895.21,704459.12,240,1,0,40,2182.96,2935.25,0.2581,0.7471,0.338,0.5237,1.1198,80,30,92,0,176000.0
APP-001832,4924.55,635.61,2246.11,328955.8,245500.16,300,1,0,11,6739.66,818.33,0.1291,0.7463,0.1662,0.4561,0.7513,35,75,92,0,226000.0
APP-001833,9826.77,4756.13,3401.49,550830.91,338502.93,300,1,0,45,1987.43,1128.34,0.484,0.6145,0.1148,0.3461,0.945,80,30,92,1,0.0
APP-001834,10351.72,2510.13,4890.46,991278.22,691177.77,240,2,0,19,9264.41,2879.91,0.2425,0.6973,0.2782,0.4724,0.9931,60,55,84,0,224000.0
APP-001835,8781.48,2218.23,1262.59,659248.23,305082.58,180,3,1,93,175.63,1694.9,0.2526,0.4628,0.193,0.1438,0.5894,100,30,41,1,63000.0
APP-001836,9202.67,2278.7,6018.76,739957.28,621881.54,300,6,0,66,4050.56,2072.94,0.2476,0.8404,0.2253,0.654,1.1269,100,55,52,0,147000.0
APP-001837,7672.14,2765.1,3854.42,517985.78,321053.64,300,3,0,63,5948.19,1070.18,0.3604,0.6198,0.1395,0.5024,1.0023,100,55,76,1,0.0
APP-001838,13230.49,3977.65,3725.29,850242.85,608344.23,300,1,0,51,28559.73,2027.81,0.3006,0.7155,0.1533,0.2816,0.7355,80,75,92,1,180000.0
APP-001839,5617.79,1583.56,1833.28,376096.35,201034.73,240,1,0,69,8806.67,837.64,0.2819,0.5345,0.1491,0.3263,0.7573,100,75,92,1,84000.0
APP-001840,6620.57,2138.7,976.51,298658.79,192424.08,180,1,0,45,11418.32,1069.02,0.323,0.6443,0.1615,0.1475,0.632,80,75,92,1,30000.0
APP-001841,8535.15,0.0,3156.02,583952.22,399220.78,300,1,0,28,9617.44,1330.74,0.0,0.6837,0.1559,0.3698,0.5257,80,75,92,0,367000.0
APP-001842,11312.65,0.0,3877.56,852166.25,612308.88,300,1,0,63,21387.3,2041.03,0.0,0.7185,0.1804,0.3428,0.5232,100,75,92,0,563000.0
APP-001843,3708.41,776.36,771.28,383109.25,299731.35,240,0,0,83,1349.24,1248.88,0.2094,0.7824,0.3368,0.208,0.7541,100,55,100,0,125000.0
APP-001844,4307.05,828.36,2344.21,308160.77,279526.4,300,0,0,24,2112.89,931.75,0.1923,0.9071,0.2163,0.5443,0.9529,80,55,100,1,204000.0
APP-001845,2500.0,752.93,1560.72,120000.0,97830.29,240,4,0,16,3792.08,407.63,0.3012,0.8153,0.1631,0.6243,1.0885,60,75,68,1,20000.0
APP-001846,8604.62,1917.13,3576.27,587766.96,496710.92,300,0,1,126,7733.56,1655.7,0.2228,0.8451,0.1924,0.4156,0.8308,100,55,65,1,213000.0
APP-001847,4921.42,1483.62,1826.32,587180.07,533155.71,120,2,0,99,5598.31,4442.96,0.3015,0.908,0.9028,0.3711,1.5753,100,75,84,1,24000.0
APP-001848,7269.44,331.61,3559.1,622224.72,494085.02,300,2,0,48,7286.0,1646.95,0.0456,0.7941,0.2266,0.4896,0.7618,80,75,84,0,415000.0
APP-001849,10616.41,2319.64,4425.53,588191.58,420691.13,120,0,1,9,24185.3,3505.76,0.2185,0.7152,0.3302,0.4169,0.9656,35,75,65,1,109000.0
APP-001850,6447.06,207.93,1591.47,519890.65,442522.89,180,1,0,55,14989.41,2458.46,0.0323,0.8512,0.3813,0.2469,0.6604,80,75,92,1,339000.0
APP-001851,9240.1,2533.27,2915.91,523394.13,449852.65,120,3,0,163,5418.87,3748.77,0.2742,0.8595,0.4057,0.3156,0.9954,100,55,76,1,64000.0
APP-001852,7542.12,0.0,2809.97,344157.92,276810.88,240,0,0,69,150.84,1153.38,0.0,0.8043,0.1529,0.3726,0.5255,100,30,100,0,275000.0
APP-001853,10650.77,2862.54,4896.26,678766.4,360356.0,180,1,0,66,5428.19,2001.98,0.2688,0.5309,0.188,0.4597,0.9164,100,55,92,1,143000.0
APP-001854,10020.41,143.69,4223.54,717937.07,438379.68,300,2,1,46,3434.35,1461.27,0.0143,0.6106,0.1458,0.4215,0.5817,80,55,49,1,215000.0
APP-001855,6285.81,1045.37,2851.62,228182.53,156138.22,240,1,0,62,11934.08,650.58,0.1663,0.6843,0.1035,0.4537,0.7235,100,75,92,1,144000.0
APP-001856,7960.31,2748.62,1401.23,392563.96,322432.7,300,2,0,69,15749.07,1074.78,0.3453,0.8214,0.135,0.176,0.6563,100,75,84,1,9000.0
APP-001857,11839.98,2981.7,6232.98,831001.23,596014.83,180,1,0,52,2628.87,3311.19,0.2518,0.7172,0.2797,0.5264,1.0579,80,30,92,1,192000.0
APP-001858,9758.81,0.0,4104.03,611417.33,530583.63,120,1,0,42,4595.87,4421.53,0.0,0.8678,0.4531,0.4205,0.8736,80,55,92,1,377000.0
APP-001859,4029.72,507.2,3338.36,310718.13,276843.88,240,0,1,53,80.59,1153.52,0.1259,0.891,0.2863,0.8284,1.2406,80,30,65,1,141000.0
APP-001860,10597.98,103.93,3793.85,510143.94,446831.08,240,1,0,52,13469.4,1861.8,0.0098,0.8759,0.1757,0.358,0.5435,80,75,92,1,375000.0
APP-001861,5029.25,0.0,2372.56,416693.39,365323.54,240,1,0,10,5580.33,1522.18,0.0,0.8767,0.3027,0.4718,0.7744,35,75,92,1,307000.0
APP-001862,13020.04,3078.89,11067.04,633976.25,370997.07,240,1,0,146,24220.01,1545.82,0.2365,0.5852,0.1187,0.85,1.2052,100,75,92,1,326000.0
APP-001863,11777.12,3514.78,5312.12,1172638.25,917873.93,240,4,0,66,18812.98,3824.47,0.2984,0.7827,0.3247,0.4511,1.0742,100,75,68,1,99000.0
APP-001864,9427.63,2655.62,3857.59,368774.62,236392.36,240,0,0,91,16019.27,984.97,0.2817,0.641,0.1045,0.4092,0.7953,100,75,100,0,155000.0
APP-001865,9003.15,2740.27,2359.66,453164.51,229129.67,300,0,0,56,180.06,763.77,0.3044,0.5056,0.0848,0.2621,0.6513,80,30,100,0,123000.0
APP-001866,7831.1,1709.78,5203.94,607009.26,414361.97,240,2,0,34,4591.42,1726.51,0.2183,0.6826,0.2205,0.6645,1.1033,80,55,84,1,208000.0
APP-001867,10671.28,1939.24,2502.88,1066660.25,951691.13,240,1,1,80,21385.32,3965.38,0.1817,0.8922,0.3716,0.2345,0.7879,100,75,57,0,246000.0
APP-001868,7313.51,510.27,3571.47,553418.96,431609.49,180,1,1,15,4865.54,2397.83,0.0698,0.7799,0.3279,0.4883,0.886,60,55,57,1,210000.0
APP-001869,9253.82,1465.7,3185.45,741522.23,726691.79,120,0,0,67,185.08,6055.76,0.1584,0.98,0.6544,0.3442,1.157,100,30,100,1,213000.0
APP-001870,11290.19,395.28,4399.86,793877.21,589882.46,180,1,0,79,21193.84,3277.12,0.035,0.743,0.2903,0.3897,0.715,100,75,92,0,543000.0
APP-001871,6702.22,681.46,1287.97,345330.68,338424.07,240,3,0,45,4225.49,1410.1,0.1017,0.98,0.2104,0.1922,0.5042,80,55,76,1,210000.0
APP-001872,6528.18,1517.47,4144.75,399377.99,296768.9,240,1,0,64,13750.79,1236.54,0.2324,0.7431,0.1894,0.6349,1.0568,100,75,92,0,169000.0
APP-001873,4678.03,952.01,1756.85,225413.82,162956.71,180,0,0,10,5302.2,905.32,0.2035,0.7229,0.1935,0.3756,0.7726,35,75,100,0,123000.0
APP-001874,5093.69,3306.12,1149.06,239317.83,132505.33,240,1,0,65,4586.88,552.11,0.6491,0.5537,0.1084,0.2256,0.983,100,55,92,0,0.0
APP-001875,2649.14,83.68,1643.6,204596.62,176847.82,180,2,0,38,6296.65,982.49,0.0316,0.8644,0.3709,0.6204,1.0229,80,75,84,1,128000.0
APP-001876,10835.45,2194.03,3676.88,539419.11,353170.49,180,0,0,64,216.71,1962.06,0.2025,0.6547,0.1811,0.3393,0.7229,100,30,100,0,288000.0
APP-001877,14288.53,295.45,6766.15,1082384.06,688270.5,300,2,0,46,34875.42,2294.23,0.0207,0.6359,0.1606,0.4735,0.6548,80,75,84,1,578000.0
APP-001878,13061.05,2164.35,7244.01,608216.52,539220.43,240,0,0,46,7504.61,2246.75,0.1657,0.8866,0.172,0.5546,0.8924,80,55,100,1,487000.0
APP-001879,3296.53,565.05,1634.57,248343.71,216200.32,180,1,0,65,4272.74,1201.11,0.1714,0.8706,0.3644,0.4958,1.0316,100,75,92,1,97000.0
APP-001880,10819.53,3660.07,1298.34,662195.72,574234.06,240,2,0,39,14115.58,2392.64,0.3383,0.8672,0.2211,0.12,0.6794,80,75,84,1,26000.0
APP-001881,13050.74,2049.58,6933.3,1243984.56,837096.06,180,3,1,45,9991.54,4650.53,0.157,0.6729,0.3563,0.5313,1.0446,80,55,41,1,186000.0
APP-001882,7038.21,1359.89,2842.74,533685.78,380717.1,240,2,0,129,3266.42,1586.32,0.1932,0.7134,0.2254,0.4039,0.8225,100,55,84,0,222000.0
APP-001883,8824.63,1409.78,3241.78,814020.15,579760.56,300,1,0,94,7211.14,1932.54,0.1598,0.7122,0.219,0.3674,0.7461,100,55,92,0,463000.0
APP-001884,2500.0,59.63,1006.37,140995.9,115860.19,240,3,1,42,592.23,482.75,0.0239,0.8217,0.1931,0.4025,0.6195,80,30,41,1,46000.0
APP-001885,9353.56,1203.86,1518.97,664201.42,612369.4,240,1,0,47,27272.77,2551.54,0.1287,0.922,0.2728,0.1624,0.5639,80,75,92,0,457000.0
APP-001886,5096.61,848.73,2297.28,266758.71,204833.09,180,1,0,33,3654.18,1137.96,0.1665,0.7679,0.2233,0.4507,0.8406,80,55,92,0,155000.0
APP-001887,9138.83,2105.0,1843.28,571680.6,558380.94,240,0,0,38,20041.94,2326.59,0.2303,0.9767,0.2546,0.2017,0.6866,80,75,100,1,262000.0
APP-001888,3504.15,1045.12,1311.48,228758.4,191387.34,180,0,0,39,7269.21,1063.26,0.2983,0.8366,0.3034,0.3743,0.9759,80,75,100,1,33000.0
APP-001889,10237.15,1915.95,4555.55,582847.34,401859.3,120,1,0,51,15116.55,3348.83,0.1872,0.6895,0.3271,0.445,0.9593,80,75,92,0,184000.0
APP-001890,11778.44,2175.42,6971.02,566789.73,469150.27,300,2,0,11,12106.93,1563.83,0.1847,0.8277,0.1328,0.5918,0.9093,35,75,84,0,381000.0
APP-001891,5993.82,0.0,1731.39,267064.97,251514.37,240,2,1,38,7938.24,1047.98,0.0,0.9418,0.1748,0.2889,0.4637,80,75,49,1,105000.0
APP-001892,4861.85,1436.98,3171.16,135570.36,132828.8,240,1,0,34,8094.75,553.45,0.2956,0.9798,0.1138,0.6523,1.0617,80,75,92,1,58000.0
APP-001893,2500.0,306.44,1428.74,127464.41,111441.61,120,0,0,101,3101.05,928.68,0.1226,0.8743,0.3715,0.5715,1.0655,100,75,100,1,68000.0
APP-001894,7647.48,2482.35,2686.52,621700.78,449699.6,240,1,0,47,152.95,1873.75,0.3246,0.7233,0.245,0.3513,0.9209,80,30,92,0,43000.0
APP-001895,6638.9,2684.12,1610.6,273702.08,189355.28,180,1,0,55,132.78,1051.97,0.4043,0.6918,0.1585,0.2426,0.8054,80,30,92,0,0.0
APP-001896,3536.74,685.04,668.41,160475.2,127559.97,240,1,0,37,8870.45,531.5,0.1937,0.7949,0.1503,0.189,0.533,80,75,92,0,117000.0
APP-001897,9949.66,763.5,4611.47,1017215.18,953757.92,240,0,0,47,198.99,3973.99,0.0767,0.9376,0.3994,0.4635,0.9396,80,30,100,1,653000.0
APP-001898,7060.09,1536.72,2132.39,413319.63,320897.22,240,0,0,38,9362.51,1337.07,0.2177,0.7764,0.1894,0.302,0.7091,80,75,100,0,224000.0
APP-001899,5057.64,1359.59,3094.76,383262.41,298595.58,300,0,0,51,4746.7,995.32,0.2688,0.7791,0.1968,0.6119,1.0775,80,55,100,1,123000.0
APP-001900,6725.37,1182.5,2093.45,548532.53,398608.56,180,2,0,63,8707.48,2214.49,0.1758,0.7267,0.3293,0.3113,0.8164,100,75,84,0,177000.0
APP-001901,11928.17,1682.29,3290.9,977221.31,661944.46,240,1,0,20,1479.45,2758.1,0.141,0.6774,0.2312,0.2759,0.6482,60,30,92,0,550000.0
APP-001902,10429.4,3117.29,4770.2,444275.09,310513.86,300,4,0,69,15285.43,1035.05,0.2989,0.6989,0.0992,0.4574,0.8555,100,75,68,0,109000.0
APP-001903,8083.92,2341.6,2507.89,532252.55,392592.35,240,0,0,26,10795.38,1635.8,0.2897,0.7376,0.2024,0.3102,0.8022,80,75,100,1,117000.0
APP-001904,10481.14,1797.72,4416.42,428384.04,404117.37,240,1,0,131,38097.99,1683.82,0.1715,0.9434,0.1607,0.4214,0.7535,100,100,92,1,315000.0
APP-001905,4785.08,0.0,2764.62,545660.68,375871.38,180,0,0,51,6062.61,2088.17,0.0,0.6888,0.4364,0.5778,1.0142,80,75,100,0,301000.0
APP-001906,8603.58,2442.5,3774.88,355261.31,258217.98,240,1,0,55,20333.81,1075.91,0.2839,0.7268,0.1251,0.4388,0.8477,80,75,92,0,126000.0
APP-001907,8971.43,1009.95,3941.64,458788.92,278714.68,300,2,0,56,179.43,929.05,0.1126,0.6075,0.1036,0.4394,0.6555,80,30,84,0,234000.0
APP-001908,6996.52,1749.19,3168.19,358706.04,291686.13,240,0,0,49,14469.41,1215.36,0.25,0.8132,0.1737,0.4528,0.8765,80,75,100,1,168000.0
APP-001909,9893.47,2385.93,1475.16,426013.78,382419.06,300,1,0,31,13392.25,1274.73,0.2412,0.8977,0.1288,0.1491,0.5191,80,75,92,1,297000.0
APP-001910,6002.61,0.0,2897.43,566326.66,527354.74,240,0,0,55,8360.23,2197.31,0.0,0.9312,0.3661,0.4827,0.8488,80,75,100,1,453000.0
APP-001911,10131.43,2343.92,4514.45,1150971.18,859127.92,240,4,0,53,14236.8,3579.7,0.2314,0.7464,0.3533,0.4456,1.0303,80,75,68,1,196000.0
APP-001912,10265.95,2998.01,5778.33,630704.08,501199.13,180,1,0,28,27571.3,2784.44,0.292,0.7947,0.2712,0.5629,1.1261,80,75,92,1,99000.0
APP-001913,2500.0,773.0,1292.32,120000.0,84004.61,240,3,0,20,3448.99,350.02,0.3092,0.7,0.14,0.5169,0.9661,60,75,76,1,19000.0
APP-001914,12308.98,2910.23,4772.05,366011.67,288652.33,300,4,0,80,5468.76,962.17,0.2364,0.7886,0.0782,0.3877,0.7023,100,55,68,1,196000.0
APP-001915,2500.0,0.0,1462.96,164015.11,124785.23,240,1,1,38,1489.14,519.94,0.0,0.7608,0.208,0.5852,0.7932,80,55,57,1,71000.0
APP-001916,6528.64,2603.57,2436.35,419827.15,305455.48,180,0,0,43,12309.2,1696.97,0.3988,0.7276,0.2599,0.3732,1.0319,80,75,100,1,0.0
APP-001917,11781.11,3269.77,5413.95,686564.07,506621.11,240,2,0,53,18292.65,2110.92,0.2775,0.7379,0.1792,0.4595,0.9163,80,75,84,0,172000.0
APP-001918,7484.68,385.73,2770.95,553752.4,431234.62,240,0,0,30,149.69,1796.81,0.0515,0.7787,0.2401,0.3702,0.6618,80,30,100,1,431000.0
APP-001919,3808.2,417.81,1880.8,293662.54,200207.43,300,3,0,57,6143.31,667.36,0.1097,0.6818,0.1752,0.4939,0.7788,80,75,76,0,152000.0
APP-001920,5000.04,1261.87,1798.82,379080.63,260987.7,180,1,1,44,879.47,1449.93,0.2524,0.6885,0.29,0.3598,0.9021,80,30,57,1,50000.0
APP-001921,11786.1,3714.62,8057.07,757961.07,713966.78,120,0,0,47,18202.83,5949.72,0.3152,0.942,0.5048,0.6836,1.5036,80,75,100,1,49000.0
APP-001922,2500.0,379.21,1856.95,125427.02,122918.48,240,2,0,88,1062.5,512.16,0.1517,0.98,0.2049,0.7428,1.0993,100,55,84,1,84000.0
APP-001923,12112.77,4064.73,6781.09,993065.52,559525.19,120,0,0,52,10861.12,4662.71,0.3356,0.5634,0.3849,0.5598,1.2803,80,55,100,1,21000.0
APP-001924,8323.67,0.0,5548.62,584532.02,325156.89,300,0,0,42,5490.9,1083.86,0.0,0.5563,0.1302,0.6666,0.7968,80,55,100,1,325000.0
APP-001925,4684.33,346.9,813.79,402808.0,239900.41,240,1,0,25,11790.57,999.59,0.0741,0.5956,0.2134,0.1737,0.4612,80,75,92,0,221000.0
APP-001926,6634.03,0.0,1277.58,558727.18,394781.26,240,0,0,56,10028.42,1644.92,0.0,0.7066,0.248,0.1926,0.4405,80,75,100,1,395000.0
APP-001927,5244.88,494.92,1933.0,232916.21,194823.1,180,0,0,78,11984.56,1082.35,0.0944,0.8365,0.2064,0.3686,0.6693,100,75,100,0,186000.0
APP-001928,11271.92,4859.67,4808.57,498038.54,396868.43,240,1,0,42,42333.85,1653.62,0.4311,0.7969,0.1467,0.4266,1.0044,80,100,92,0,0.0
APP-001929,10843.77,5509.64,4210.49,611591.47,454023.52,300,0,0,77,12927.13,1513.41,0.5081,0.7424,0.1396,0.3883,1.0359,100,75,100,1,0.0
APP-001930,2998.68,758.2,471.57,152894.59,120597.38,240,2,0,56,7502.08,502.49,0.2528,0.7888,0.1676,0.1573,0.5777,80,75,84,0,59000.0
APP-001931,7208.51,941.57,4355.77,602591.62,379650.08,120,2,0,50,3751.95,3163.75,0.1306,0.63,0.4389,0.6043,1.1738,80,55,84,0,159000.0
APP-001932,5737.81,1084.28,4387.54,437929.85,301411.37,180,0,0,60,13078.7,1674.51,0.189,0.6883,0.2918,0.7647,1.2455,100,75,100,1,166000.0
APP-001933,12639.23,3618.2,7898.99,1134817.38,814104.04,300,1,0,21,5349.45,2713.68,0.2863,0.7174,0.2147,0.625,1.1259,60,55,92,1,222000.0
APP-001934,4179.68,4.94,2481.41,322407.2,165734.03,300,1,0,38,4737.36,552.45,0.0012,0.5141,0.1322,0.5937,0.727,80,75,92,1,152000.0
APP-001935,13633.53,1906.65,6219.33,1005550.68,572188.17,180,0,0,39,22266.15,3178.82,0.1399,0.569,0.2332,0.4562,0.8292,80,75,100,1,516000.0
APP-001936,8393.46,3532.68,2393.15,768799.82,441442.1,240,0,0,43,14896.78,1839.34,0.4209,0.5742,0.2191,0.2851,0.9251,80,75,100,0,0.0
APP-001937,4781.81,351.94,2063.85,375157.34,307379.19,120,0,1,119,95.64,2561.49,0.0736,0.8193,0.5357,0.4316,1.0409,100,30,65,1,103000.0
APP-001938,6332.72,729.13,4793.2,451053.34,339145.27,240,0,0,51,2341.08,1413.11,0.1151,0.7519,0.2231,0.7569,1.0952,80,55,100,0,339000.0
APP-001939,5934.82,1316.62,2158.39,573589.37,458549.12,120,1,0,18,10091.0,3821.24,0.2218,0.7994,0.6439,0.3637,1.2294,60,75,92,1,84000.0
APP-001940,4421.22,1147.93,1535.08,318651.8,153222.08,240,2,0,33,3621.22,638.43,0.2596,0.4808,0.1444,0.3472,0.7512,80,55,84,1,81000.0
APP-001941,8803.45,1166.45,5257.14,568014.79,299421.23,300,0,0,47,176.07,998.07,0.1325,0.5271,0.1134,0.5972,0.843,80,30,100,1,299000.0
APP-001942,4570.67,1054.8,2778.01,251017.47,202374.8,180,2,0,52,4964.3,1124.3,0.2308,0.8062,0.246,0.6078,1.0845,80,75,84,0,82000.0
APP-001943,2500.0,762.78,710.84,206636.15,74135.46,240,0,0,6,2607.31,308.9,0.3051,0.3588,0.1236,0.2843,0.713,35,75,100,1,27000.0
APP-001944,7285.04,3603.2,2754.93,672167.69,590971.06,120,2,0,63,9537.74,4924.76,0.4946,0.8792,0.676,0.3782,1.5488,100,75,84,1,0.0
APP-001945,2730.86,552.52,927.66,188673.56,91123.44,180,3,1,65,4441.24,506.24,0.2023,0.483,0.1854,0.3397,0.7274,100,75,41,1,30000.0
APP-001946,6093.09,1305.25,2627.04,569962.31,472860.59,120,1,1,24,9560.58,3940.5,0.2142,0.8296,0.6467,0.4312,1.2921,60,75,57,1,57000.0
APP-001947,5590.87,2425.56,3335.46,193107.16,116730.19,180,1,0,77,2564.22,648.5,0.4338,0.6045,0.116,0.5966,1.1464,100,55,92,1,0.0
APP-001948,5712.11,817.5,1664.25,394146.0,337529.87,300,4,0,42,4456.9,1125.1,0.1431,0.8564,0.197,0.2914,0.6314,80,55,68,1,214000.0
APP-001949,14903.08,515.51,8857.59,1032460.06,1011810.85,120,0,0,27,29582.76,8431.76,0.0346,0.98,0.5658,0.5943,1.1947,80,75,100,1,564000.0
APP-001950,8680.52,2213.83,3787.0,494043.82,209715.14,300,1,1,23,5738.98,699.05,0.255,0.4245,0.0805,0.4363,0.7718,60,55,57,1,120000.0
APP-001951,9285.19,3441.69,7355.64,1048385.84,849610.86,120,0,0,62,7376.31,7080.09,0.3707,0.8104,0.7625,0.7922,1.9254,100,55,100,0,0.0
APP-001952,2815.53,761.73,1326.15,193732.17,93948.26,240,1,0,34,56.31,391.45,0.2705,0.4849,0.139,0.471,0.8806,80,30,92,0,49000.0
APP-001953,6407.32,1322.58,2591.72,401487.97,311345.87,240,0,0,55,7203.03,1297.27,0.2064,0.7755,0.2025,0.4045,0.8134,80,75,100,0,221000.0
APP-001954,9188.97,158.28,4704.33,647521.96,448810.17,300,3,0,22,13422.73,1496.03,0.0172,0.6931,0.1628,0.512,0.692,60,75,76,0,341000.0
APP-001955,5221.51,1106.06,1911.37,177266.8,130622.89,180,2,0,39,104.43,725.68,0.2118,0.7369,0.139,0.3661,0.7169,80,30,84,0,109000.0
APP-001956,11405.8,4478.39,1514.19,642401.83,386392.36,180,3,1,60,2130.31,2146.62,0.3926,0.6015,0.1882,0.1328,0.7136,100,30,41,1,0.0
APP-001957,4651.37,219.65,1774.58,407917.41,335092.06,240,1,0,87,93.03,1396.22,0.0472,0.8215,0.3002,0.3815,0.7289,100,30,92,0,300000.0
APP-001958,7583.63,1408.55,2874.14,444999.6,236612.29,240,0,0,92,14101.89,985.88,0.1857,0.5317,0.13,0.379,0.6947,100,75,100,0,237000.0
APP-001959,6624.63,1098.05,1094.58,364886.52,321615.66,240,0,0,86,132.49,1340.07,0.1658,0.8814,0.2023,0.1652,0.5333,100,30,100,0,292000.0
APP-001960,9025.83,1104.05,3685.37,844559.74,563150.29,120,1,0,169,9740.53,4692.92,0.1223,0.6668,0.5199,0.4083,1.0506,100,75,92,0,227000.0
APP-001961,6450.43,1642.98,774.05,607144.18,326431.19,180,2,0,55,11585.47,1813.51,0.2547,0.5377,0.2811,0.12,0.6559,80,75,84,0,93000.0
APP-001962,7633.14,2153.02,2781.29,605352.52,561368.69,240,2,0,22,10068.41,2339.04,0.2821,0.9273,0.3064,0.3644,0.9529,60,75,84,1,105000.0
APP-001963,7744.38,2173.04,3554.48,478664.0,340447.59,240,3,0,33,5839.55,1418.53,0.2806,0.7112,0.1832,0.459,0.9227,80,55,76,1,98000.0
APP-001964,6149.96,511.96,2678.43,403987.87,391057.3,240,2,0,91,8990.14,1629.41,0.0832,0.968,0.2649,0.4355,0.7837,100,75,84,1,271000.0
APP-001965,10052.3,0.0,3560.82,558157.0,490495.14,180,0,0,30,20941.72,2724.97,0.0,0.8788,0.2711,0.3542,0.6253,80,75,100,1,447000.0
APP-001966,9262.84,2378.09,3763.63,482539.31,297360.53,180,1,0,4,9755.16,1652.0,0.2567,0.6162,0.1783,0.4063,0.8414,35,75,92,0,143000.0
APP-001967,8216.44,1225.66,2420.15,420685.63,298245.63,300,1,0,40,164.33,994.15,0.1492,0.709,0.121,0.2945,0.5647,80,30,92,0,274000.0
APP-001968,7122.53,3400.04,3003.79,419339.3,308522.57,240,2,0,76,15548.2,1285.51,0.4774,0.7357,0.1805,0.4217,1.0796,100,75,84,1,0.0
APP-001969,11048.94,5345.82,4743.24,567639.58,521331.21,120,0,0,33,16686.53,4344.43,0.4838,0.9184,0.3932,0.4293,1.3063,80,75,100,1,0.0
APP-001970,7745.33,3862.57,2137.4,324167.7,251838.53,300,0,0,93,8676.56,839.46,0.4987,0.7769,0.1084,0.276,0.883,100,75,100,1,0.0
APP-001971,7518.57,664.52,3479.83,555992.5,413056.86,240,0,0,126,150.37,1721.07,0.0884,0.7429,0.2289,0.4628,0.7801,100,30,100,1,413000.0
APP-001972,8835.01,2647.96,4080.29,655758.34,455106.55,180,1,0,55,7788.26,2528.37,0.2997,0.694,0.2862,0.4618,1.0477,80,55,92,1,74000.0
APP-001973,13929.08,4762.82,5479.79,1401463.95,999843.04,180,1,0,138,5043.31,5554.68,0.3419,0.7134,0.3988,0.3934,1.1341,100,55,92,0,19000.0
APP-001974,4210.86,1373.45,3399.71,244103.18,217153.45,240,0,0,108,233.07,904.81,0.3262,0.8896,0.2149,0.8074,1.3484,100,30,100,1,24000.0
APP-001975,10963.54,1868.02,4357.87,825881.55,595032.54,180,2,0,77,11261.7,3305.74,0.1704,0.7205,0.3015,0.3975,0.8694,100,75,84,0,298000.0
APP-001976,2500.0,997.71,938.31,189072.07,126423.1,240,0,1,59,1669.07,526.76,0.3991,0.6687,0.2107,0.3753,0.9851,80,55,65,1,0.0
APP-001977,9195.27,2023.57,3240.57,601655.28,389038.77,240,1,0,56,6684.15,1620.99,0.2201,0.6466,0.1763,0.3524,0.7488,80,55,92,0,264000.0
APP-001978,13540.27,3221.7,3583.43,1129231.09,731753.64,180,3,0,45,24584.57,4065.3,0.2379,0.648,0.3002,0.2646,0.8028,80,75,76,1,208000.0
APP-001979,10063.74,47.33,5331.2,844892.43,454321.91,300,2,0,66,13888.11,1514.41,0.0047,0.5377,0.1505,0.5297,0.6849,100,75,84,1,382000.0
APP-001980,9046.0,2806.68,2806.07,686531.71,427332.5,180,2,0,11,6368.72,2374.07,0.3103,0.6225,0.2624,0.3102,0.8829,35,55,84,1,54000.0
APP-001981,6706.56,1230.94,2207.32,438598.98,401227.99,240,1,0,111,3955.91,1671.78,0.1835,0.9148,0.2493,0.3291,0.7619,100,55,92,1,246000.0
APP-001982,8599.35,2451.41,2871.16,546613.09,378880.54,240,1,0,140,6368.91,1578.67,0.2851,0.6931,0.1836,0.3339,0.8025,100,55,92,0,123000.0
APP-001983,7693.4,1945.78,2018.82,349129.75,283344.46,240,0,0,10,7134.09,1180.6,0.2529,0.8116,0.1535,0.2624,0.6688,35,55,100,1,179000.0
APP-001984,5984.87,1468.28,836.85,332121.53,132105.21,240,0,0,74,10028.53,550.44,0.2453,0.3978,0.092,0.1398,0.4771,100,75,100,0,132000.0
APP-001985,7572.4,1617.46,2619.52,445286.27,353504.07,240,0,0,106,1603.05,1472.93,0.2136,0.7939,0.1945,0.3459,0.754,100,30,100,1,248000.0
APP-001986,9134.82,3015.62,5113.07,454626.35,317794.8,300,0,0,52,22495.36,1059.32,0.3301,0.699,0.116,0.5597,1.0058,80,75,100,1,54000.0
APP-001987,6044.91,1161.56,2729.38,471010.75,309648.5,240,0,0,44,10133.04,1290.2,0.1922,0.6574,0.2134,0.4515,0.8571,80,75,100,1,229000.0
APP-001988,5919.9,96.33,3964.51,541903.34,402918.57,240,1,0,38,118.4,1678.83,0.0163,0.7435,0.2836,0.6697,0.9696,80,30,92,0,371000.0
APP-001989,4147.22,1242.73,2240.13,222518.63,145870.47,180,2,0,34,5087.87,810.39,0.2997,0.6555,0.1954,0.5402,1.0352,80,75,84,1,32000.0
APP-001990,9750.32,1040.74,4912.55,732268.01,325051.03,240,1,0,57,20345.63,1354.38,0.1067,0.4439,0.1389,0.5038,0.7495,80,75,92,0,299000.0
APP-001991,10245.03,354.51,7388.96,526451.33,442162.39,240,1,1,93,15365.86,1842.34,0.0346,0.8399,0.1798,0.7212,0.9357,100,75,57,1,240000.0
APP-001992,9241.31,710.53,3737.71,596170.08,448076.83,120,2,0,12,7198.0,3733.97,0.0769,0.7516,0.4041,0.4045,0.8854,60,55,84,1,254000.0
APP-001993,11588.55,3009.16,4984.14,667199.71,453153.69,240,1,0,25,12689.66,1888.14,0.2597,0.6792,0.1629,0.4301,0.8527,80,75,92,0,231000.0
APP-001994,8781.18,1813.2,3671.99,709818.68,421913.32,180,2,0,32,11507.63,2343.96,0.2065,0.5944,0.2669,0.4182,0.8916,80,75,84,1,191000.0
APP-001995,9754.43,0.0,6506.27,563628.94,298113.79,180,3,0,17,17973.81,1656.19,0.0,0.5289,0.1698,0.667,0.8368,60,75,76,0,227000.0
APP-001996,9472.28,1575.13,3982.17,835548.73,625914.61,180,2,0,70,189.45,3477.3,0.1663,0.7491,0.3671,0.4204,0.9538,100,30,84,1,263000.0
APP-001997,8207.07,3148.99,2595.7,538195.37,500385.71,180,1,0,64,4969.25,2779.92,0.3837,0.9297,0.3387,0.3163,1.0387,100,55,92,1,0.0
APP-001998,6801.37,1066.58,3496.1,396568.4,296003.27,180,0,0,80,17851.69,1644.46,0.1568,0.7464,0.2418,0.514,0.9126,100,75,100,1,237000.0
APP-001999,15585.29,3067.7,4510.36,739373.96,399440.12,240,1,0,9,18385.22,1664.33,0.1968,0.5402,0.1068,0.2894,0.593,35,75,92,0,367000.0
